"DATA","CASA","PROMOÇÃO/OBJETIVO","UTMs / PIDs","LUCRO/PREJUIZO","ROAS","ENTREGUES","LIDAS","CUSTO","CONV","CONV ftd","C.REG","C.FTD","REGISTROS","FTD","CPAS","CPA ","REG > FTD","FTD > CPA"
"01/07","SuperBet","[30/06] DISP TOTAL 01/07 BASE FEV ODD 1K","pilhado-disp-total-sb-1K-fev","R$ -676,33","0,69","16.741,00","8.312,00","R$ 2.176,33","0,08%","0,03%","R$ 136,02","R$ 310,90","16,00","7,00","3,00","R$ 1.500,00","43,75%","42,86%"
"01/07","SuperBet","[30/06] DISP TOTAL 01/07 BASE MAR ODD 1K","pilhado-disp-total-sb-1K-mar","R$ 8.652,79","2,18","56.517,00","33.819,00","R$ 7.347,21","0,17%","0,08%","R$ 65,02","R$ 141,29","113,00","52,00","32,00","R$ 16.000,00","46,02%","61,54%"
"01/07","SuperBet","[30/06] DISP TOTAL 01/07 BASE ABRIL ODD 1K","pilhado-disp-total-sb-1K-abril","R$ 8.636,50","1,67","98.950,00","56.915,00","R$ 12.863,50","0,11%","0,05%","R$ 101,29","R$ 221,78","127,00","58,00","43,00","R$ 21.500,00","45,67%","74,14%"
"01/07","SuperBet","[30/06] DISP TOTAL 01/07 BASE MAIO ODD 1K","pilhado-disp-total-sb-1K-maio","R$ 7.788,42","1,53","113.166,00","64.962,00","R$ 14.711,58","0,13%","0,04%","R$ 96,79","R$ 201,53","152,00","73,00","45,00","R$ 22.500,00","48,03%","61,64%"
"01/07","SuperBet","[30/06] DISP TOTAL 01/07 BASE JUN1 ODD 1K","pilhado-disp-total-sb-1K-jun1","R$ 36.348,18","2,36","205.014,00","119.121,00","R$ 26.651,82","0,19%","0,09%","R$ 56,47","R$ 118,98","472,00","224,00","126,00","R$ 63.000,00","47,46%","56,25%"
"01/07","SuperBet","[30/06] DISP TOTAL 01/07 BASE JUN2 ODD 1K","pilhado-disp-total-sb-1K-jun2","R$ 6.976,79","5,58","11.717,00","6.897,00","R$ 1.523,21","0,54%","0,27%","R$ 19,78","R$ 39,06","77,00","39,00","17,00","R$ 8.500,00","50,65%","43,59%"
"02/07","SuperBet","[01/07] DISP TOTAL 02/06 BASE MAR CR7 500X","pilhado-disp-total-sb-cr7-mar","R$ 13.252,09","2,96","51.907,00","30.055,00","R$ 6.747,91","0,22%","0,10%","R$ 48,55","R$ 103,81","139,00","65,00","40,00","R$ 20.000,00","46,76%","61,54%"
"02/07","SuperBet","[01/07] DISP TOTAL 02/07 BASE ABRIL CR7 500X","pilhado-disp-total-sb-cr7-abril","R$ 16.900,43","2,67","77.689,00","42.836,00","R$ 10.099,57","0,16%","0,08%","R$ 66,01","R$ 121,68","153,00","83,00","54,00","R$ 27.000,00","54,25%","65,06%"
"02/07","SuperBet","[01/07] DISP TOTAL 02/07 BASE MAIO CR7 500X","pilhado-disp-total-sb-cr7-maio","R$ 20.037,86","2,92","80.478,00","43.276,00","R$ 10.462,14","0,16%","0,09%","R$ 63,79","R$ 117,55","164,00","89,00","61,00","R$ 30.500,00","54,27%","68,54%"
"02/07","SuperBet","[01/07] DISP TOTAL 02/07 BASE JUNHO CR7 500X","pilhado-disp-total-sb-cr7-junho","R$ -18.313,36","0,00","140.872,00","76.778,00","R$ 18.313,36","0,31%","0,16%","R$ 0,00","R$ 0,00","0,00","0,00","0,00","R$ 0,00","0,00%","0,00%"
"02/07","SuperBet","[01/07] DISP TOTAL 02/07 BASE JULHO CR7 500X","pilhado-disp-total-sb-cr7-julho","R$ -2.669,55","0,00","20.535,00","14.464,00","R$ 2.669,55","0,11%","0,06%","R$ 0,00","R$ 0,00","0,00","0,00","0,00","R$ 0,00","0,00%","0,00%"
"03/07","SuperBet","[02/07] DISP TOTAL 03/07 BASE MARÇO MESSI 5K","pilhado-disp-total-sb-messi-5K-mar","R$ -3.004,42","0,54","50.034,00","27.277,00","R$ 6.504,42","0,05%","0,03%","R$ 240,90","R$ 500,34","27,00","13,00","7,00","R$ 3.500,00","48,15%","53,85%"
"03/07","SuperBet","[02/07] DISP TOTAL 03/07 BASE ABRIL MESSI 5K","pilhado-disp-total-sb-messi-5K-abril","R$ 6.004,43","1,60","76.889,00","40.081,00","R$ 9.995,57","0,14%","0,07%","R$ 94,30","R$ 188,60","106,00","53,00","32,00","R$ 16.000,00","50,00%","60,38%"
"03/07","SuperBet","[02/07] DISP TOTAL 03/07 BASE MAIO MESSI 5K","pilhado-disp-total-sb-messi-5K-maio","R$ 7.205,04","1,70","79.192,00","40.121,00","R$ 10.294,96","0,17%","0,08%","R$ 78,59","R$ 168,77","131,00","61,00","35,00","R$ 17.500,00","46,56%","57,38%"
"03/07","SuperBet","[02/07] DISP TOTAL 03/07 BASE JUNHO MESSI 5K","pilhado-disp-total-sb-messi-5K-junho","R$ 20.598,35","2,15","137.705,00","70.360,00","R$ 17.901,65","0,22%","0,11%","R$ 59,47","R$ 123,46","301,00","145,00","77,00","R$ 38.500,00","48,17%","53,10%"
"03/07","SuperBet","[02/07] DISP TOTAL 03/07 BASE JULHO MESSI 5K","pilhado-disp-total-sb-messi-5K-julho","R$ 20.640,62","4,85","41.226,00","27.339,00","R$ 5.359,38","0,48%","0,23%","R$ 27,34","R$ 57,63","196,00","93,00","52,00","R$ 26.000,00","47,45%","55,91%"
"04/07","SuperBet","[03/07] DISP TOTAL 04/07 BASE MARÇO MBAPPE","pilhado-disp-total-sb-mbappe-mar","R$ -4.068,38","0,38","50.526,00","26.261,00","R$ 6.568,38","0,09%","0,02%","R$ 142,79","R$ 547,37","46,00","12,00","5,00","R$ 2.500,00","26,09%","41,67%"
"04/07","SuperBet","[03/07] DISP TOTAL 04/07 BASE ABRIL MBAPPE","pilhado-disp-total-sb-mbappe-abril","R$ -478,28","0,95","76.756,00","38.219,00","R$ 9.978,28","0,09%","0,04%","R$ 148,93","R$ 321,88","67,00","31,00","19,00","R$ 9.500,00","46,27%","61,29%"
"04/07","SuperBet","[03/07] DISP TOTAL 04/07 BASE MAIO MBAPPE","pilhado-disp-total-sb-mbappe-maio","R$ -1.158,20","0,89","78.140,00","37.907,00","R$ 10.158,20","0,08%","0,03%","R$ 156,28","R$ 406,33","65,00","25,00","18,00","R$ 9.000,00","38,46%","72,00%"
"04/07","SuperBet","[03/07] DISP TOTAL 04/07 BASE JUNHO MBAPPE","pilhado-disp-total-sb-mbappe-junho","R$ 3.918,54","1,22","135.242,00","65.508,00","R$ 17.581,46","0,13%","0,06%","R$ 96,60","R$ 225,40","182,00","78,00","43,00","R$ 21.500,00","42,86%","55,13%"
"04/07","SuperBet","[03/07] DISP TOTAL 04/07 BASE JULHO MBAPPE","pilhado-disp-total-sb-mbappe-julho","R$ 15.874,31","3,23","54.813,00","34.301,00","R$ 7.125,69","0,36%","0,15%","R$ 36,36","R$ 87,97","196,00","81,00","46,00","R$ 23.000,00","41,33%","56,79%"
"05/07","MGMBET","[04/06] DISP TOTAL 05/07 BASE FEVEREIRO BRASIL ODM","13543","R$ -1.039,87","0,50","15.999,00","7.254,00","R$ 2.079,87","0,29%","0,16%","R$ 44,25","R$ 83,19","47,00","25,00","4,00","R$ 1.040,00","53,19%","16,00%"
"05/07","MGMBET","[04/07] DISP TOTAL 05/07 BASE MARÇO BRASIL ODM","13544","R$ -2.081,43","0,68","50.011,00","24.887,00","R$ 6.501,43","0,37%","0,20%","R$ 34,77","R$ 65,01","187,00","100,00","17,00","R$ 4.420,00","53,48%","17,00%"
"05/07","SuperBet","[04/06] DISP TOTAL 05/07 BASE ABRIL BRASIL ODM","pilhado-disp-total-brasil-odm-abril","R$ 116,62","1,01","76.026,00","36.444,00","R$ 9.883,38","0,11%","0,05%","R$ 114,92","R$ 241,06","86,00","41,00","20,00","R$ 10.000,00","47,67%","48,78%"
"05/07","SuperBet","[04/06] DISP TOTAL 05/07 BASE MAIO BRASIL ODM","pilhado-disp-total-brasil-odm-maio","R$ 4.443,46","1,44","77.358,00","35.919,00","R$ 10.056,54","0,16%","0,07%","R$ 82,43","R$ 186,23","122,00","54,00","29,00","R$ 14.500,00","44,26%","53,70%"
"05/07","SuperBet","[04/06] DISP TOTAL 05/07 BASE JUNHO BRASIL ODM","pilhado-disp-total-brasil-odm-junho","R$ 17.038,27","1,98","134.321,00","61.996,00","R$ 17.461,73","0,20%","0,11%","R$ 63,96","R$ 120,43","273,00","145,00","69,00","R$ 34.500,00","53,11%","47,59%"
"05/07","SuperBet","[04/06] DISP TOTAL 05/07 BASE JULHO BRASIL ODM","pilhado-disp-total-brasil-odm-julho","R$ 15.593,42","2,85","64.666,00","38.920,00","R$ 8.406,58","0,35%","0,18%","R$ 37,70","R$ 71,85","223,00","117,00","48,00","R$ 24.000,00","52,47%","41,03%"
"06/07","MGMBET","[06/07] DISP TOTAL 06/07 BASE FEVEREIRO CR7 ODM","13543","R$ -2.058,68","0,00","15.836,00","6.344,00","R$ 2.058,68","0,14%","0,06%","R$ 93,58","R$ 228,74","22,00","9,00","0,00","R$ 0,00","40,91%","0,00%"
"06/07","MGMBET","[06/07] DISP TOTAL 06/07 BASE MARÇO CR7 ODM","13544","R$ -6.171,75","0,04","49.475,00","22.347,00","R$ 6.431,75","0,12%","0,07%","R$ 109,01","R$ 200,99","59,00","32,00","1,00","R$ 260,00","54,24%","3,13%"
"06/07","SuperBet","[06/07] DISP TOTAL 06/07 BASE ABRIL CR7 ODM","pilhado-disp-total-cr7-odm-abril","R$ -11.257,20","0,04","90.440,00","41.415,00","R$ 11.757,20","0,04%","0,01%","R$ 301,47","R$ 1.068,84","39,00","11,00","1,00","R$ 500,00","28,21%","9,09%"
"06/07","SuperBet","[06/07] DISP TOTAL 06/07 BASE MAIO CR7 ODM","pilhado-disp-total-cr7-odm-maio","R$ -7.450,33","0,25","76.541,00","32.960,00","R$ 9.950,33","0,04%","0,01%","R$ 301,53","R$ 1.243,79","33,00","8,00","5,00","R$ 2.500,00","24,24%","62,50%"
"06/07","SuperBet","[06/07] DISP TOTAL 06/07 BASE JUNHO CR7 ODM","pilhado-disp-total-cr7-odm-junho","R$ -8.221,23","0,52","132.471,00","56.015,00","R$ 17.221,23","0,06%","0,03%","R$ 215,27","R$ 441,57","80,00","39,00","18,00","R$ 9.000,00","48,75%","46,15%"
"06/07","SuperBet","[06/07] DISP TOTAL 06/07 BASE JULHO CR7 ODM","pilhado-disp-total-cr7-odm-julho","R$ -385,57","0,96","79.889,00","44.699,00","R$ 10.385,57","0,16%","0,07%","R$ 83,75","R$ 188,83","124,00","55,00","20,00","R$ 10.000,00","44,35%","36,36%"
"07/07","SuperBet","[06/07] DISP TOTAL 07/07 BASE ABRIL MESSI 7777","pilhado-disp-total-messi-7777-abril","R$ -7.668,88","0,21","74.376,00","29.670,00","R$ 9.668,88","0,04%","0,01%","R$ 333,41","R$ 966,89","29,00","10,00","4,00","R$ 2.000,00","34,48%","40,00%"
"07/07","SuperBet","[06/07] DISP TOTAL 07/07 BASE MAIO MESSI 7777","pilhado-disp-total-messi-7777-maio","R$ -5.835,67","0,41","75.659,00","28.577,00","R$ 9.835,67","0,06%","0,02%","R$ 239,89","R$ 702,55","41,00","14,00","8,00","R$ 4.000,00","34,15%","57,14%"
"07/07","SuperBet","[06/07] DISP TOTAL 07/07 BASE JUNHO MESSI 7777","pilhado-disp-total-messi-7777-junho","R$ -6.977,48","0,59","130.596,00","48.157,00","R$ 16.977,48","0,07%","0,03%","R$ 195,14","R$ 414,08","87,00","41,00","20,00","R$ 10.000,00","47,13%","48,78%"
"07/07","SuperBet","[06/07] DISP TOTAL 07/07 BASE JULHO MESSI 7777","pilhado-disp-total-messi-7777-julho","R$ -632,20","0,94","77.940,00","37.861,00","R$ 10.132,20","0,11%","0,05%","R$ 117,82","R$ 259,80","86,00","39,00","19,00","R$ 9.500,00","45,35%","48,72%"
"08/07","SuperBet","[07/07] DISP TOTAL 08/07 BASE SB D1","pilhado-disp-traf-sb-d1","R$ 1.810,07","10,53","1.461,00","851,00","R$ 189,93","0,80%","0,53%","R$ 15,83","R$ 23,74","12,00","8,00","4,00","R$ 2.000,00","66,67%","50,00%"
"08/07","SuperBet","[07/07] DISP TOTAL 08/07 BASE MGM D1","pilhado-disp-traf-mgm-d1","R$ 1.818,13","11,00","1.399,00","689,00","R$ 181,87","0,87%","0,47%","R$ 13,99","R$ 25,98","13,00","7,00","4,00","R$ 2.000,00","53,85%","57,14%"
"09/07","SuperBet","[08/07] DISP TOTAL 09/07 BASE SUPER D1","pilhado-disp-traf-sb-d1","R$ 1.375,72","12,07","956,00","597,00","R$ 124,28","1,57%","0,73%","R$ 8,29","R$ 17,75","15,00","7,00","3,00","R$ 1.500,00","46,67%","42,86%"
"09/07","SuperBet","[08/07] DISP TOTAL 09/07 BASE MGM D1","pilhado-disp-traf-mgm-d1","R$ 2.379,88","20,81","924,00","490,00","R$ 120,12","1,95%","0,65%","R$ 6,67","R$ 20,02","18,00","6,00","5,00","R$ 2.500,00","33,33%","83,33%"
"09/07","SuperBet","[08/07] DISP TOTAL 09/07 BASE BETE D1","pilhado-disp-traf-bete-d1","R$ 824,37","5,69","1.351,00","675,00","R$ 175,63","1,70%","0,74%","R$ 7,64","R$ 17,56","23,00","10,00","2,00","R$ 1.000,00","43,48%","20,00%"
"09/07","SuperBet","[08/07] DISP TOTAL 09/07 BASE VAIDEBET D1","pilhado-disp-traf-vaidebet-d1","R$ -47,19","0,00","363,00","129,00","R$ 47,19","0,00%","0,00%","R$ 0,00","R$ 0,00","0,00","0,00","0,00","R$ 0,00","0,00%","0,00%"
"10/07","SuperBet","DISP TOTAL SEM RISCO SUPER","pilhado-disp-total-sem-risco-15k","R$ -9.794,51","0,69","240.727,00","108.959,00","R$ 31.294,51","0,22%","0,07%","R$ 59,38","R$ 190,82","527,00","164,00","43,00","R$ 21.500,00","31,12%","26,22%"
"10/07","SuperBet","[09/07] DISP TOTAL 10/07 BASE MGM D1","pilhado-disp-traf-mgm-d1","R$ 1.321,38","8,40","1.374,00","813,00","R$ 178,62","0,66%","0,22%","R$ 19,85","R$ 59,54","9,00","3,00","3,00","R$ 1.500,00","33,33%","100,00%"
"10/07","SuperBet","[09/07] DISP TOTAL 10/07 BASE VAIDEBET D1","pilhado-disp-traf-vaidebet-d1","R$ -177,06","0,00","1.362,00","784,00","R$ 177,06","1,03%","0,29%","R$ 12,65","R$ 44,27","14,00","4,00","0,00","R$ 0,00","28,57%","0,00%"
"10/07","SuperBet","[09/07] DISP TOTAL 10/07 BASE BETE D1","pilhado-disp-traf-bete-d1","R$ 362,46","3,64","1.058,00","592,00","R$ 137,54","0,76%","0,19%","R$ 17,19","R$ 68,77","8,00","2,00","1,00","R$ 500,00","25,00%","50,00%"
"10/07","MGMBET","[09/07] DISP TOTAL 10/07 BASE SB D3","13398","R$ 333,58","2,79","1.434,00","847,00","R$ 186,42","2,16%","0,56%","R$ 6,01","R$ 23,30","31,00","8,00","2,00","R$ 520,00","25,81%","25,00%"
"10/07","MGMBET","[09/07] DISP TOTAL 10/07 BASE MGM D3","13538","R$ 79,17","1,44","1.391,00","712,00","R$ 180,83","0,94%","0,50%","R$ 13,91","R$ 25,83","13,00","7,00","1,00","R$ 260,00","53,85%","14,29%"
"11/07","SuperBet","[10/07] DISP TOTAL 11/07 BASE SB D1","pilhado-disp-traf-sb-d1","R$ 1.872,47","15,68","981,00","634,00","R$ 127,53","1,63%","0,61%","R$ 7,97","R$ 21,26","16,00","6,00","4,00","R$ 2.000,00","37,50%","66,67%"
"11/07","SuperBet","	[10/07] DISP TOTAL 11/07 BASE MGM D1","pilhado-disp-traf-mgm-d1","R$ 408,22","5,45","706,00","402,00","R$ 91,78","1,56%","0,71%","R$ 8,34","R$ 18,36","11,00","5,00","1,00","R$ 500,00","45,45%","20,00%"
"11/07","SuperBet","[10/07] DISP TOTAL 11/07 BASE BETE D1","pilhado-disp-traf-bete-d1","R$ -18,59","0,00","143,00","79,00","R$ 18,59","1,40%","0,00%","R$ 9,30","R$ 0,00","2,00","0,00","0,00","R$ 0,00","0,00%","0,00%"
"11/07","MGMBET","	[10/07] DISP TOTAL 11/07 BASE SB D3","13398","R$ 657,54","6,37","942,00","587,00","R$ 122,46","1,49%","1,17%","R$ 8,75","R$ 11,13","14,00","11,00","3,00","R$ 780,00","78,57%","27,27%"
"11/07","MGMBET","[10/07] DISP TOTAL 11/07 BASE MGM D3","13538","R$ 140,40","2,17","920,00","502,00","R$ 119,60","0,22%","0,22%","R$ 59,80","R$ 59,80","2,00","2,00","1,00","R$ 260,00","100,00%","50,00%"
"11/07","MGMBET","	[10/07] DISP TOTAL 11/07 BASE BETE D3","13540","R$ 84,63","1,48","1.349,00","673,00","R$ 175,37","1,63%","0,74%","R$ 7,97","R$ 17,54","22,00","10,00","1,00","R$ 260,00","45,45%","10,00%"
"11/07","MGMBET","	[10/07] DISP TOTAL 11/07 BASE VAIDEBET D3","13547","R$ -48,88","0,00","376,00","150,00","R$ 48,88","0,00%","0,00%","R$ 0,00","R$ 0,00","0,00","0,00","0,00","R$ 0,00","0,00%","0,00%"
"12/07","SuperBet","[11/07] DISP TOTAL 12/07 BASE MGM D1","pilhado-disp-traf-mgm-d1","R$ 881,44","8,43","912,00","456,00","R$ 118,56","0,33%","0,11%","R$ 39,52","R$ 118,56","3,00","1,00","2,00","R$ 1.000,00","33,33%","200,00%"
"12/07","SuperBet","[11/07] DISP TOTAL 12/07 BASE SB D1","pilhado-disp-traf-sb-d1","R$ 854,40","6,87","1.120,00","679,00","R$ 145,60","1,34%","0,54%","R$ 9,71","R$ 24,27","15,00","6,00","2,00","R$ 1.000,00","40,00%","33,33%"
"12/07","MGMBET","[11/07] DISP TOTAL 12/07 BASE MGM D3","13538","R$ -163,02","0,00","1.254,00","609,00","R$ 163,02","0,32%","0,16%","R$ 40,76","R$ 81,51","4,00","2,00","0,00","R$ 0,00","50,00%","0,00%"
"12/07","MGMBET","[11/07] DISP TOTAL 12/07 BASE VAIDEBET D3","13547","R$ 95,94","1,58","1.262,00","619,00","R$ 164,06","0,24%","0,08%","R$ 54,69","R$ 164,06","3,00","1,00","1,00","R$ 260,00","33,33%","100,00%"
"12/07","MGMBET","[11/07] DISP TOTAL 12/07 BASE BETESPORTE D3","13540","R$ -129,74","0,00","998,00","443,00","R$ 129,74","1,00%","0,40%","R$ 12,97","R$ 32,44","10,00","4,00","0,00","R$ 0,00","40,00%","0,00%"
"12/07","SuperBet","[11/07] DISP TOTAL 12/07 BASE MGM D5","pilhado-disp-traf-mgm-d5-sb","R$ -166,27","0,00","1.279,00","529,00","R$ 166,27","0,08%","0,00%","R$ 166,27","R$ 0,00","1,00","0,00","0,00","R$ 0,00","0,00%","0,00%"
"12/07","SuperBet","[11/07] DISP TOTAL 12/07 BASE SB D5","pilhado-disp-sb-d5","R$ -167,05","0,00","1.285,00","615,00","R$ 167,05","0,31%","0,23%","R$ 0,00","R$ 0,00","0,00","0,00","0,00","R$ 0,00","0,00%","0,00%"
"13/07","SuperBet","[13/07] DISP TOTAL 13/07 BASE SB D1","pilhado-disp-traf-sb-d1","R$ -110,63","0,00","851,00","513,00","R$ 110,63","0,71%","0,24%","R$ 18,44","R$ 55,32","6,00","2,00","0,00","R$ 0,00","33,33%","0,00%"
"13/07","MGMBET","[13/07] DISP TOTAL 13/07 BASE SB D3","13398","R$ 143,13","2,22","899,00","500,00","R$ 116,87","1,67%","0,78%","R$ 7,79","R$ 16,70","15,00","7,00","1,00","R$ 260,00","46,67%","14,29%"
"13/07","MGMBET","[13/07] DISP TOTAL 13/07 BASE MGM D3","13538","R$ -86,19","0,00","663,00","321,00","R$ 86,19","0,90%","0,30%","R$ 14,37","R$ 43,10","6,00","2,00","0,00","R$ 0,00","33,33%","0,00%"
"13/07","MGMBET","[13/07] DISP TOTAL 13/07 BASE BETE D3","13540","R$ -17,94","0,00","138,00","72,00","R$ 17,94","2,17%","0,72%","R$ 5,98","R$ 17,94","3,00","1,00","0,00","R$ 0,00","33,33%","0,00%"
"13/07","SuperBet","[13/07] DISP TOTAL 13/07 BASE SB D5","pilhado-disp-sb-d5","R$ -113,75","0,00","875,00","463,00","R$ 113,75","0,23%","0,23%","R$ 0,00","R$ 0,00","0,00","0,00","0,00","R$ 0,00","0,00%","0,00%"
"13/07","SuperBet","[13/07] DISP TOTAL 13/07 BASE MGM D5","pilhado-disp-traf-mgm-d5-sb","R$ -113,36","0,00","872,00","398,00","R$ 113,36","0,34%","0,11%","R$ 37,79","R$ 113,36","3,00","1,00","0,00","R$ 0,00","33,33%","0,00%"
"13/07","SuperBet","[13/07] DISP TOTAL 13/07 BASE BETE D5","pilhado-disp-bete-d5-sb","R$ -168,35","0,00","1.295,00","539,00","R$ 168,35","0,23%","0,15%","R$ 0,00","R$ 0,00","0,00","0,00","0,00","R$ 0,00","0,00%","0,00%"
"14/07","SuperBet","[13/06] DISP TOTAL 14/07 BASE JUN/JULHO SEMIFINAL 01","pilhado-disp-total-semifinal-01","R$ 11.711,28","1,39","229.144,00","55.877,00","R$ 29.788,72","0,18%","0,06%","R$ 74,10","R$ 205,44","402,00","145,00","83,00","R$ 41.500,00","36,07%","57,24%"
"14/07","MGMBET","[13/07] DISP TOTAL 14/07 BASE SB D3","13398","R$ 658,71","6,43","933,00","202,00","R$ 121,29","1,50%","0,75%","R$ 8,66","R$ 17,33","14,00","7,00","3,00","R$ 780,00","50,00%","42,86%"
"14/07","MGMBET","[13/07] DISP TOTAL 14/07 BASE MGM D3","13538","R$ -98,54","0,00","758,00","122,00","R$ 98,54","1,45%","0,79%","R$ 8,96","R$ 16,42","11,00","6,00","0,00","R$ 0,00","54,55%","0,00%"
"14/07","SuperBet","	[13/07] DISP TOTAL 14/07 BASE MGM D5","pilhado-disp-traf-mgm-d5-sb","R$ 856,74","6,98","1.102,00","186,00","R$ 143,26","0,27%","0,27%","R$ 47,75","R$ 47,75","3,00","3,00","2,00","R$ 1.000,00","100,00%","66,67%"
"14/07","SuperBet"," [13/07] DISP TOTAL 14/07 BASE BETE D5","pilhado-disp-bete-d5-sb","R$ -26,52","0,00","204,00","26,00","R$ 26,52","0,00%","0,00%","R$ 0,00","R$ 0,00","0,00","0,00","0,00","R$ 0,00","0,00%","0,00%"
"14/07","SuperBet"," [13/07] DISP TOTAL 14/07 BASE VDB D5","pilhado-disp-traf-vaidebet-d5-sb","R$ -144,04","0,00","1.108,00","188,00","R$ 144,04","0,00%","0,00%","R$ 0,00","R$ 0,00","0,00","0,00","0,00","R$ 0,00","0,00%","0,00%"
"14/07","MGMBET"," [13/07] DISP TOTAL 14/07 BASE SB D7","13422","R$ -148,07","0,00","1.139,00","167,00","R$ 148,07","0,35%","0,09%","R$ 37,02","R$ 148,07","4,00","1,00","0,00","R$ 0,00","25,00%","0,00%"
"14/07","MGMBET","[13/07] DISP TOTAL 14/07 BASE MGM D7","13542","R$ -149,37","0,00","1.149,00","136,00","R$ 149,37","0,00%","0,00%","R$ 0,00","R$ 0,00","0,00","0,00","0,00","R$ 0,00","0,00%","0,00%"
"15/07","SuperBet","[14/07] DISP TOTAL 15/07 BASE JUNHO/JULHO SEMIFINAL 02","pilhado-disp-total-semifinal-02","R$ -13.933,94","0,58","253.338,00","119.321,00","R$ 32.933,94","0,07%","0,03%","R$ 185,02","R$ 491,55","178,00","67,00","38,00","R$ 19.000,00","37,64%","56,72%"
"15/07","MGMBET","[14/07] DISP TOTAL 15/07 BASE SB D3","13398","R$ 680,16","7,81","768,00","461,00","R$ 99,84","1,30%","0,78%","R$ 9,98","R$ 16,64","10,00","6,00","3,00","R$ 780,00","60,00%","50,00%"
"15/07","SuperBet","[14/07] DISP TOTAL 15/07 BASE MGM D5","pilhado-disp-traf-mgm-d5-sb","R$ 341,79","3,16","1.217,00","604,00","R$ 158,21","0,16%","0,08%","R$ 79,11","R$ 158,21","2,00","1,00","1,00","R$ 500,00","50,00%","100,00%"
"15/07","SuperBet","[14/07] DISP TOTAL 15/07 BASE BETE D5","pilhado-disp-bete-d5-sb","R$ -129,09","0,00","993,00","426,00","R$ 129,09","0,10%","0,10%","R$ 0,00","R$ 0,00","0,00","0,00","0,00","R$ 0,00","0,00%","0,00%"
"15/07","SuperBet","[14/07] DISP TOTAL 15/07 BASE VAIDEBET D5","pilhado-disp-traf-vaidebet-d5-sb","R$ 838,80","6,20","1.240,00","614,00","R$ 161,20","0,24%","0,16%","R$ 53,73","R$ 80,60","3,00","2,00","2,00","R$ 1.000,00","66,67%","100,00%"
"15/07","MGMBET","[14/07] DISP TOTAL 15/07 BASE SB D7","13422","R$ 149,76","2,36","848,00","438,00","R$ 110,24","0,59%","0,12%","R$ 22,05","R$ 110,24","5,00","1,00","1,00","R$ 260,00","20,00%","100,00%"
"15/07","MGMBET","[14/07] DISP TOTAL 15/07 BASE MGM D7","13542","R$ 149,24","2,35","852,00","403,00","R$ 110,76","0,35%","0,12%","R$ 36,92","R$ 110,76","3,00","1,00","1,00","R$ 260,00","33,33%","100,00%"
"15/07","MGMBET","[14/07] DISP TOTAL 15/07 BASE BETE D7","13544","R$ 91,91","1,55","1.293,00","578,00","R$ 168,09","0,23%","0,16%","R$ 56,03","R$ 84,05","3,00","2,00","1,00","R$ 260,00","66,67%","50,00%"
"15/07","MGMBET","[14/07] DISP TOTAL 15/07 BASE VAIDEBET D7","13548","R$ -48,49","0,00","373,00","156,00","R$ 48,49","0,27%","0,00%","R$ 48,49","R$ 0,00","1,00","0,00","0,00","R$ 0,00","0,00%","0,00%"
"16/07","Selecione","	[15/07] DISP 16/07 RMKT LOW TICKET","-","R$ -102,18","0,00","786,00","400,00","R$ 102,18","0,00%","0,00%","","","0,00","0,00","0,00","R$ 0,00","#DIV/0!","#DIV/0!"
"16/07","SuperBet","	[15/07] DISP TOTAL 16/07 BASE SB D1","pilhado-disp-traf-sb-d1","R$ -21,58","0,00","166,00","116,00","R$ 21,58","1,20%","0,00%","R$ 10,79","R$ 0,00","2,00","0,00","0,00","R$ 0,00","0,00%","0,00%"
"16/07","MGMBET","	[15/07] DISP TOTAL 16/07 BASE SB D3","13398","R$ 165,88","2,76","724,00","413,00","R$ 94,12","0,41%","0,41%","R$ 31,37","R$ 31,37","3,00","3,00","1,00","R$ 260,00","100,00%","33,33%"
"16/07","SuperBet","	[15/07] DISP TOTAL 16/07 BASE SB D5","pilhado-disp-sb-d5","R$ -128,57","0,00","989,00","580,00","R$ 128,57","0,30%","0,20%","R$ 0,00","R$ 0,00","0,00","0,00","0,00","R$ 0,00","0,00%","0,00%"
"16/07","SuperBet","	[15/07] DISP TOTAL 16/07 BASE MGM D5","pilhado-disp-traf-mgm-d5-sb","R$ 393,14","4,68","822,00","407,00","R$ 106,86","0,12%","0,24%","R$ 106,86","R$ 53,43","1,00","2,00","1,00","R$ 500,00","200,00%","50,00%"
"17/07","SuperBet","[16/07] DISP TOTAL 17/07 BASE MGM D1","pilhado-disp-traf-mgm-d1","R$ 491,29","57,41","67,00","40,00","R$ 8,71","1,49%","1,49%","R$ 8,71","R$ 8,71","1,00","1,00","1,00","R$ 500,00","100,00%","100,00%"
"17/07","SuperBet"," [16/07] DISP TOTAL 17/07 BASE SB D1","pilhado-disp-traf-sb-d1","R$ 472,70","18,32","210,00","140,00","R$ 27,30","0,00%","0,00%","R$ 0,00","R$ 0,00","0,00","0,00","1,00","R$ 500,00","0,00%","0,00%"
"17/07","SuperBet","	[16/07] DISP TOTAL 17/07 BASE SB D5","pilhado-disp-traf-novi-d5-sb","R$ -122,72","0,00","944,00","505,00","R$ 122,72","0,32%","0,21%","R$ 0,00","R$ 0,00","0,00","0,00","0,00","R$ 0,00","0,00%","0,00%"
"17/07","SuperBet","	[16/07] DISP TOTAL 17/07 BASE MGM D5","pilhado-disp-traf-mgm-d5-sb","R$ 397,43","4,87","789,00","351,00","R$ 102,57","0,13%","0,00%","R$ 102,57","R$ 0,00","1,00","0,00","1,00","R$ 500,00","0,00%","0,00%"
"18/07","SuperBet","	[17/07] DISP TOTAL 18/07 BASE SB D1","pilhado-disp-traf-sb-d1","R$ -88,66","0,00","682,00","448,00","R$ 88,66","0,44%","0,29%","R$ 29,55","R$ 44,33","3,00","2,00","0,00","R$ 0,00","66,67%","0,00%"
"18/07","SuperBet"," 	[17/07] DISP TOTAL 18/07 BASE MGM D1","pilhado-disp-traf-mgm-d1","R$ 492,85","69,93","55,00","36,00","R$ 7,15","0,00%","1,82%","R$ 0,00","R$ 7,15","0,00","1,00","1,00","R$ 500,00","0,00%","100,00%"
"18/07","SuperBet"," [17/07] DISP TOTAL 18/07 BASE BETE D1","pilhado-disp-traf-bete-d1","R$ 470,36","16,87","228,00","150,00","R$ 29,64","2,19%","0,44%","R$ 5,93","R$ 29,64","5,00","1,00","1,00","R$ 500,00","20,00%","100,00%"
"18/07","MGMBET"," [17/07] DISP TOTAL 18/07 BASE SB D3","13398","R$ 499,59","25,48","157,00","100,00","R$ 20,41","1,28%","0,64%","R$ 10,21","R$ 20,41","2,00","1,00","2,00","R$ 520,00","50,00%","200,00%"
"18/07","SuperBet"," [17/07] DISP TOTAL 18/07 BASE SB D5","pilhado-disp-sb-d5","R$ -90,22","0,00","694,00","364,00","R$ 90,22","0,14%","0,14%","R$ 0,00","R$ 0,00","0,00","0,00","0,00","R$ 0,00","0,00%","0,00%"
"19/07","SuperBet","[18/07] DISP TOTAL 19/07 BASE SB D1","pilhado-disp-traf-sb-d1","R$ 421,74","6,39","602,00","375,00","R$ 78,26","0,66%","0,17%","R$ 19,57","R$ 78,26","4,00","1,00","1,00","R$ 500,00","25,00%","100,00%"
"19/07","SuperBet","[18/07] DISP TOTAL 19/07 BASE MGM D1","pilhado-disp-traf-mgm-d1","R$ 970,75","34,19","225,00","144,00","R$ 29,25","1,78%","1,78%","R$ 7,31","R$ 7,31","4,00","4,00","2,00","R$ 1.000,00","100,00%","50,00%"
"19/07","SuperBet","[18/07] DISP TOTAL 19/07 BASE BETE D1","pilhado-disp-traf-bete-d1","R$ -31,20","0,00","240,00","142,00","R$ 31,20","1,67%","0,00%","R$ 7,80","R$ 0,00","4,00","0,00","0,00","R$ 0,00","0,00%","0,00%"
"19/07","SuperBet","[18/07] DISP TOTAL 19/07 BASE OURO D1","pilhado-disp-traf-d1-ouro","R$ -136,89","0,00","1.053,00","735,00","R$ 136,89","0,47%","0,00%","R$ 27,38","R$ 0,00","5,00","0,00","0,00","R$ 0,00","0,00%","0,00%"
"19/07","MGMBET","[18/07] DISP TOTAL 19/07 BASE SB D3","13398","R$ 496,08","21,74","184,00","110,00","R$ 23,92","1,09%","1,09%","R$ 11,96","R$ 11,96","2,00","2,00","2,00","R$ 520,00","100,00%","100,00%"
"19/07","MGMBET","[18/07] DISP TOTAL 19/07 BASE MGM D3","13538","R$ -7,15","0,00","55,00","31,00","R$ 7,15","1,82%","1,82%","R$ 7,15","R$ 7,15","1,00","1,00","0,00","R$ 0,00","100,00%","0,00%"
"19/07","NoviBet","[18/07] DISP TOTAL 19/07 FINAL COPA 1","","R$ -22.520,29","0,00","173.233,00","73.493,00","R$ 22.520,29","0,53%","0,10%","R$ 24,48","R$ 126,25","918,00","178,00","52,00","R$ 9.360,00","19,39%","29,21%"
"19/07","NoviBet","[18/07] DISP TOTAL 19/07 FINAL COPA 2","","R$ -22.546,55","0,00","173.435,00","73.593,00","R$ 22.546,55","0,59%","0,11%","R$ 21,93","R$ 120,96","1.026,00","186,00","45,00","R$ 8.100,00","18,13%","24,19%"
"20/07","SuperBet"," 	[19/07] DISP TOTAL 20/07 BASE SB D1","pilhado-disp-traf-sb-d1","R$ 825,28","5,72","1.344,00","800,00","R$ 174,72","0,52%","0,22%","R$ 24,96","R$ 58,24","7,00","3,00","2,00","R$ 1.000,00","42,86%","66,67%"
"20/07","SuperBet"," [19/07] DISP TOTAL 20/07 BASE MGM D1","pilhado-disp-traf-mgm-d1","R$ 470,10","16,72","230,00","148,00","R$ 29,90","1,74%","1,30%","R$ 7,48","R$ 9,97","4,00","3,00","1,00","R$ 500,00","75,00%","33,33%"
"20/07","SuperBet"," 	[19/07] DISP TOTAL 20/07 BASE BETE D1","pilhado-disp-traf-bete-d1","R$ -281,58","0,00","2.166,00","1.372,00","R$ 281,58","0,51%","0,05%","R$ 25,60","R$ 281,58","11,00","1,00","0,00","R$ 0,00","9,09%","0,00%"
"20/07","SuperBet"," [19/07] DISP TOTAL 20/07 BASE NOVIBET D1","pilhado-disp-traf-novibet-d1","R$ -422,18","0,78","14.786,00","7.112,00","R$ 1.922,18","0,11%","0,04%","R$ 120,14","R$ 320,36","16,00","6,00","3,00","R$ 1.500,00","37,50%","50,00%"
"20/07","MGMBET"," 	[19/07] DISP TOTAL 20/07 BASE SB D3","13398","R$ -79,56","0,00","612,00","355,00","R$ 79,56","0,82%","0,33%","R$ 15,91","R$ 39,78","5,00","2,00","0,00","R$ 0,00","40,00%","0,00%"
"20/07","MGMBET"," [19/07] DISP TOTAL 20/07 BASE MGM D3","13538","R$ -6,24","0,00","48,00","23,00","R$ 6,24","0,00%","0,00%","R$ 0,00","R$ 0,00","0,00","0,00","0,00","R$ 0,00","0,00%","0,00%"
"20/07","MGMBET"," 	[19/07] DISP TOTAL 20/07 BASE BETE D3","13540","R$ -27,04","0,00","208,00","126,00","R$ 27,04","0,48%","0,48%","R$ 27,04","R$ 27,04","1,00","1,00","0,00","R$ 0,00","100,00%","0,00%"
"21/07","SuperBet"," 	[20/07] DISP TOTAL 21/07 BASE SB D1","pilhado-disp-traf-sb-d1","R$ -56,68","0,00","436,00","285,00","R$ 56,68","2,52%","1,15%","R$ 28,34","R$ 28,34","2,00","2,00","0,00","R$ 0,00","100,00%","0,00%"
"21/07","MGMBET"," 	[20/07] DISP TOTAL 21/07 BASE SB D3","13538","R$ -77,74","0,00","598,00","328,00","R$ 77,74","0,00%","0,00%","R$ 0,00","R$ 0,00","0,00","0,00","0,00","R$ 0,00","0,00%","0,00%"
"21/07","MGMBET"," 	[20/07] DISP TOTAL 21/07 BASE MGM D3 ","13538","R$ -27,95","0,00","215,00","117,00","R$ 27,95","0,00%","0,00%","R$ 0,00","R$ 0,00","0,00","0,00","0,00","R$ 0,00","0,00%","0,00%"
"21/07","MGMBET"," 	[20/07] DISP TOTAL 21/07 BASE BETE D3 ","13540","R$ -30,55","0,00","235,00","117,00","R$ 30,55","0,43%","0,43%","R$ 30,55","R$ 30,55","1,00","1,00","0,00","R$ 0,00","100,00%","0,00%"
"21/07","MGMBET","	[20/07] DISP TOTAL 21/07 BASE OURO D3 ","13549","R$ -134,29","0,00","1.033,00","664,00","R$ 134,29","0,87%","0,39%","R$ 14,92","R$ 33,57","9,00","4,00","0,00","R$ 0,00","44,44%","0,00%"
"21/07","SuperBet","	[20/07] DISP TOTAL 21/07 BASE SB D5 ","pilhado-disp-sb-d5","R$ -23,66","0,00","182,00","97,00","R$ 23,66","0,55%","0,00%","R$ 0,00","R$ 0,00","0,00","0,00","0,00","R$ 0,00","0,00%","0,00%"
"21/07","SuperBet"," 	[20/07] DISP TOTAL 21/07 BASE MGM D5","pilhado-disp-traf-mgm-d5-sb","R$ -7,93","0,00","61,00","30,00","R$ 7,93","1,64%","1,64%","R$ 7,93","R$ 7,93","1,00","1,00","0,00","R$ 0,00","100,00%","0,00%"
"22/07","SuperBet"," [21/07] DISP TOTAL 22/07 BASE SB D1","pilhado-disp-traf-sb-d1","R$ -63,70","0,00","490,00","316,00","R$ 63,70","0,00%","0,20%","R$ 0,00","R$ 63,70","0,00","1,00","0,00","R$ 0,00","0,00%","0,00%"
"22/07","SuperBet"," [21/07] DISP TOTAL 22/07 BASE MGM D1","pilhado-disp-traf-mgm-d1","R$ -13,52","0,00","104,00","71,00","R$ 13,52","0,00%","0,00%","R$ 0,00","R$ 0,00","0,00","0,00","0,00","R$ 0,00","0,00%","0,00%"
"22/07","MGMBET"," [21/07] DISP TOTAL 22/07 BASE SB D3","13398","R$ 100,10","1,63","1.230,00","658,00","R$ 159,90","1,06%","0,41%","R$ 14,54","R$ 31,98","11,00","5,00","1,00","R$ 260,00","45,45%","20,00%"
"22/07","MGMBET"," [21/07] DISP TOTAL 22/07 BASE MGM D3","13538","R$ -27,17","0,00","209,00","122,00","R$ 27,17","0,96%","0,00%","R$ 13,59","R$ 0,00","2,00","0,00","0,00","R$ 0,00","0,00%","0,00%"
"22/07","MGMBET"," [21/07] DISP TOTAL 22/07 BASE BETE D3","13540","R$ -254,54","0,00","1.958,00","1.098,00","R$ 254,54","0,00%","0,00%","R$ 84,85","R$ 127,27","3,00","2,00","0,00","R$ 0,00","66,67%","0,00%"
"22/07","MGMBET"," [21/07] DISP TOTAL 22/07 BASE NOVIBET D3","13550","R$ -1.528,93","0,15","13.761,00","5.678,00","R$ 1.788,93","0,20%","0,06%","R$ 66,26","R$ 223,62","27,00","8,00","1,00","R$ 260,00","29,63%","12,50%"
"22/07","SuperBet"," [21/07] DISP TOTAL 22/07 BASE SB D5","pilhado-disp-sb-d5","R$ -76,44","0,00","588,00","297,00","R$ 76,44","0,00%","0,17%","R$ 0,00","R$ 0,00","0,00","0,00","0,00","R$ 0,00","0,00%","0,00%"
"22/07","SuperBet"," [21/07] DISP TOTAL 22/07 BASE MGM D5","pilhado-disp-traf-mgm-d5-sb","R$ 493,89","81,83","47,00","24,00","R$ 6,11","0,00%","2,13%","R$ 0,00","R$ 6,11","0,00","1,00","1,00","R$ 500,00","0,00%","100,00%"
"22/07","SuperBet"," [21/07] DISP TOTAL 22/07 BASE BETE D5","pilhado-disp-bete-d5-sb","R$ -25,48","0,00","196,00","91,00","R$ 25,48","0,00%","0,00%","R$ 0,00","R$ 0,00","0,00","0,00","0,00","R$ 0,00","0,00%","0,00%"
"23/07","SuperBet"," [22/07] DISP TOTAL 23/07 BASE SB D1","pilhado-disp-traf-sb-d1","R$ -20,15","0,00","155,00","103,00","R$ 20,15","2,60%","0,65%","R$ 5,04","R$ 20,15","4,00","1,00","0,00","R$ 0,00","25,00%","0,00%"
"23/07","SuperBet"," [22/07] DISP TOTAL 23/07 BASE MGM D1","pilhado-disp-traf-mgm-d1","R$ -17,42","0,00","134,00","91,00","R$ 17,42","0,76%","0,76%","R$ 17,42","R$ 17,42","1,00","1,00","0,00","R$ 0,00","100,00%","0,00%"
"23/07","MGMBET"," [22/07] DISP TOTAL 23/07 BASE SB D3","13398","R$ 467,09","9,83","407,00","241,00","R$ 52,91","1,25%","0,75%","R$ 10,58","R$ 17,64","5,00","3,00","2,00","R$ 520,00","60,00%","66,67%"
"23/07","SuperBet"," [22/07] DISP TOTAL 23/07 BASE SB D5","pilhado-disp-sb-d5","R$ -73,58","0,00","566,00","267,00","R$ 73,58","0,00%","0,00%","R$ 0,00","R$ 0,00","0,00","0,00","0,00","R$ 0,00","0,00%","0,00%"
"23/07","SuperBet"," [22/07] DISP TOTAL 23/07 BASE MGM D5","pilhado-disp-traf-mgm-d5-sb","R$ -26,00","0,00","200,00","101,00","R$ 26,00","1,02%","0,51%","R$ 13,00","R$ 26,00","2,00","1,00","0,00","R$ 0,00","50,00%","0,00%"
"23/07","SuperBet"," [22/07] DISP TOTAL 23/07 BASE BETE D5","pilhado-disp-bete-d5-sb","R$ -30,16","0,00","232,00","101,00","R$ 30,16","0,00%","0,00%","R$ 0,00","R$ 0,00","0,00","0,00","0,00","R$ 0,00","0,00%","0,00%"
"23/07","SuperBet"," [22/07] DISP TOTAL 23/07 BASE OURO D5","pilhado-disp-ouro-d5","R$ -124,15","0,00","955,00","529,00","R$ 124,15","0,00%","0,00%","R$ 0,00","R$ 0,00","0,00","0,00","0,00","R$ 0,00","0,00%","0,00%"
"25/07","SuperBet"," [24/07] DISP TOTAL 25/07 BASE SB D1","pilhado-disp-traf-sb-d1","R$ -16,51","0,00","127,00","82,00","R$ 16,51","0,79%","1,57%","R$ 16,51","R$ 8,26","1,00","2,00","0,00","R$ 0,00","200,00%","0,00%"
"25/07","SuperBet"," [24/07] DISP TOTAL 25/07 BASE MGM D1","pilhado-disp-traf-mgm-d1","R$ -17,68","0,00","136,00","81,00","R$ 17,68","0,00%","0,00%","R$ 0,00","R$ 0,00","0,00","0,00","0,00","R$ 0,00","0,00%","0,00%"
"25/07","SuperBet"," [24/07] DISP TOTAL 25/07 BASE VAIDEBET D1","pilhado-disp-traf-vaidebet-d1","R$ 452,42","10,51","366,00","240,00","R$ 47,58","1,10%","0,55%","R$ 11,90","R$ 23,79","4,00","2,00","1,00","R$ 500,00","50,00%","50,00%"
"25/07","MGMBET"," [24/07] DISP TOTAL 25/07 BASE SB D3","13398","R$ 200,33","4,36","459,00","261,00","R$ 59,67","1,09%","0,22%","R$ 11,93","R$ 59,67","5,00","1,00","1,00","R$ 260,00","20,00%","100,00%"
"25/07","MGMBET"," [24/07] DISP TOTAL 25/07 BASE MGM D3","13538","R$ -12,09","0,00","93,00","57,00","R$ 12,09","0,00%","0,00%","R$ 12,09","R$ 0,00","1,00","0,00","0,00","R$ 0,00","0,00%","0,00%"
"25/07","SuperBet"," [24/07] DISP TOTAL 25/07 BASE SB D5","pilhado-disp-sb-d5","R$ -154,44","0,00","1.188,00","535,00","R$ 154,44","0,34%","0,00%","R$ 0,00","R$ 0,00","0,00","0,00","0,00","R$ 0,00","0,00%","0,00%"
"25/07","SuperBet"," [24/07] DISP TOTAL 25/07 BASE MGM D5","pilhado-disp-traf-mgm-d5-sb","R$ -26,00","0,00","200,00","109,00","R$ 26,00","0,00%","0,00%","R$ 0,00","R$ 0,00","0,00","0,00","0,00","R$ 0,00","0,00%","0,00%"
"25/07","SuperBet"," [24/07] DISP TOTAL 25/07 BASE BETE D5","pilhado-disp-bete-d5-sb","R$ -242,19","0,00","1.863,00","919,00","R$ 242,19","0,16%","0,00%","R$ 0,00","R$ 0,00","0,00","0,00","0,00","R$ 0,00","0,00%","0,00%"
"25/07","SuperBet"," [24/07] DISP TOTAL 25/07 BASE NOVIBET D5","pilhado-disp-traf-novi-d5-sb","R$ -1.214,18","0,29","13.186,00","4.558,00","R$ 1.714,18","0,06%","0,02%","R$ 214,27","R$ 571,39","8,00","3,00","1,00","R$ 500,00","37,50%","33,33%"
"26/07","SuperBet","  [25/07] DISP TOTAL 26/07 BASE SB D1","pilhado-disp-traf-sb-d1","R$ 976,08","41,81","184,00","121,00","R$ 23,92","2,17%","1,63%","R$ 5,98","R$ 7,97","4,00","3,00","2,00","R$ 1.000,00","75,00%","66,67%"
"26/07","SuperBet","  [25/07] DISP TOTAL 26/07 BASE MGM D1","pilhado-disp-traf-mgm-d1","R$ 483,62","30,53","126,00","81,00","R$ 16,38","0,79%","0,79%","R$ 16,38","R$ 16,38","1,00","1,00","1,00","R$ 500,00","100,00%","100,00%"
"26/07","SuperBet","  [25/07] DISP TOTAL 26/07 BASE VAIDEBET D1","pilhado-disp-traf-vaidebet-d1","R$ 473,09","18,58","207,00","138,00","R$ 26,91","0,00%","0,00%","R$ 0,00","R$ 0,00","0,00","0,00","1,00","R$ 500,00","0,00%","0,00%"
"26/07","SuperBet","  [25/07] DISP TOTAL 26/07 BASE NOVIBET D1","pilhado-disp-traf-novibet-d1","R$ -5,20","0,00","40,00","27,00","R$ 5,20","0,00%","0,00%","R$ 0,00","R$ 0,00","0,00","0,00","0,00","R$ 0,00","0,00%","0,00%"
"26/07","MGMBET","  [25/07] DISP TOTAL 26/07 BASE SB D3","13398","R$ 500,76","27,03","148,00","82,00","R$ 19,24","0,68%","0,00%","R$ 19,24","R$ 0,00","1,00","0,00","2,00","R$ 520,00","0,00%","0,00%"
"26/07","MGMBET","  [25/07] DISP TOTAL 26/07 BASE MGM D3","13538","R$ -16,51","0,00","127,00","79,00","R$ 16,51","0,79%","0,00%","R$ 16,51","R$ 0,00","1,00","0,00","0,00","R$ 0,00","0,00%","0,00%"
"26/07","SuperBet","  [25/07] DISP TOTAL 26/07 BASE SB D5","pilhado-disp-traf-mgm-d5-sb","R$ -50,18","0,00","386,00","183,00","R$ 50,18","0,52%","0,26%","R$ 0,00","R$ 0,00","0,00","0,00","0,00","R$ 0,00","0,00%","0,00%"
"27/07","SuperBet","  [27/07] DISP TOTAL 27/07 BASE SB D1","pilhado-disp-traf-sb-d1","R$ -27,56","0,00","212,00","127,00","R$ 27,56","0,47%","0,00%","R$ 27,56","R$ 0,00","1,00","0,00","0,00","R$ 0,00","0,00%","0,00%"
"27/07","SuperBet","  [27/07] DISP TOTAL 27/07 BASE MGM D1","pilhado-disp-traf-mgm-d1","R$ 486,48","36,98","104,00","74,00","R$ 13,52","0,96%","0,96%","R$ 13,52","R$ 13,52","1,00","1,00","1,00","R$ 500,00","100,00%","100,00%"
"27/07","SuperBet","  [27/07] DISP TOTAL 27/07 BASE VAIDEBET D1","pilhado-disp-traf-vaidebet-d1","R$ -162,11","0,00","1.247,00","753,00","R$ 162,11","0,48%","0,00%","R$ 54,04","R$ 0,00","3,00","0,00","0,00","R$ 0,00","0,00%","0,00%"
"27/07","MGMBET","  [27/07] DISP TOTAL 27/07 BASE SB D3","13398","R$ -16,51","0,00","127,00","81,00","R$ 16,51","3,94%","2,36%","R$ 3,30","R$ 5,50","5,00","3,00","0,00","R$ 0,00","60,00%","0,00%"
"27/07","MGMBET","[27/07] DISP TOTAL 27/07 BASE MGM D3","13538","R$ -17,42","0,00","134,00","71,00","R$ 17,42","0,00%","0,00%","R$ 0,00","R$ 0,00","0,00","0,00","0,00","R$ 0,00","0,00%","0,00%"
"27/07","MGMBET","[27/07] DISP TOTAL 27/07 BASE VAIDEBET D3","13547","R$ -46,15","0,00","355,00","210,00","R$ 46,15","0,56%","0,28%","R$ 23,08","R$ 46,15","2,00","1,00","0,00","R$ 0,00","50,00%","0,00%"
"27/07","SuperBet","[27/07] DISP TOTAL 27/07 BASE MGM D5","pilhado-disp-traf-mgm-d5-sb","R$ -11,70","0,00","90,00","49,00","R$ 11,70","0,00%","0,00%","R$ 0,00","R$ 0,00","0,00","0,00","0,00","R$ 0,00","0,00%","0,00%"
"27/07","SuperBet","[27/07] DISP TOTAL 27/07 BASE SB D5","pilhado-disp-sb-d5","R$ -57,85","0,00","445,00","212,00","R$ 57,85","0,23%","0,23%","R$ 0,00","R$ 0,00","0,00","0,00","0,00","R$ 0,00","0,00%","0,00%"
"28/07","MGMBET","  [28/07] DISP TOTAL 28/07 BASE SB D3","13398","R$ -22,36","0,00","172,00","106,00","R$ 22,36","1,75%","1,17%","R$ 7,45","R$ 11,18","3,00","2,00","0,00","R$ 0,00","66,67%","0,00%"
"28/07","MGMBET","  [28/07] DISP TOTAL 28/07 BASE MGM D3","13538","R$ -14,56","0,00","112,00","64,00","R$ 14,56","0,00%","0,00%","R$ 0,00","R$ 0,00","0,00","0,00","0,00","R$ 0,00","0,00%","0,00%"
"28/07","MGMBET","  [28/07] DISP TOTAL 28/07 BASE NOVIBET D3","13550","R$ -5,07","0,00","39,00","23,00","R$ 5,07","0,00%","0,00%","R$ 0,00","R$ 0,00","0,00","0,00","0,00","R$ 0,00","0,00%","0,00%"
"28/07","MGMBET","  [28/07] DISP TOTAL 28/07 BASE VAIDEBET D3","13547","R$ -25,74","0,00","198,00","127,00","R$ 25,74","1,52%","0,51%","R$ 8,58","R$ 25,74","3,00","1,00","0,00","R$ 0,00","33,33%","0,00%"
"28/07","SuperBet","  [28/07] DISP TOTAL 28/07 BASE SB D5","pilhado-disp-sb-d5","R$ -18,59","0,00","143,00","69,00","R$ 18,59","0,00%","0,00%","R$ 0,00","R$ 0,00","0,00","0,00","0,00","R$ 0,00","0,00%","0,00%"
"28/07","SuperBet","  [28/07] DISP TOTAL 28/07 BASE MGM D5","pilhado-disp-traf-mgm-d5-sb","R$ -15,60","0,00","120,00","63,00","R$ 15,60","0,00%","0,00%","R$ 0,00","R$ 0,00","0,00","0,00","0,00","R$ 0,00","0,00%","0,00%"
"29/07","SuperBet","[28/07] DISP TOTAL 29/07 BASE SB D1","pilhado-disp-traf-sb-d1","R$ -21,84","0,00","168,00","103,00","R$ 21,84","0,00%","0,00%","R$ 0,00","R$ 0,00","0,00","0,00","0,00","R$ 0,00","0,00%","0,00%"
"29/07","SuperBet","[28/07] DISP TOTAL 29/07 BASE MGM D1","pilhado-disp-traf-mgm-d1","R$ -26,78","0,00","206,00","125,00","R$ 26,78","0,00%","0,00%","R$ 0,00","R$ 0,00","0,00","0,00","0,00","R$ 0,00","0,00%","0,00%"
"29/07","MGMBET","[28/07] DISP TOTAL 29/07 BASE SB D3","13398","R$ 235,04","10,42","192,00","86,00","R$ 24,96","2,60%","2,08%","R$ 4,99","R$ 6,24","5,00","4,00","1,00","R$ 260,00","80,00%","25,00%"
"29/07","MGMBET","[28/07] DISP TOTAL 29/07 BASE MGM D3","13538","R$ -11,96","0,00","92,00","56,00","R$ 11,96","1,09%","1,09%","R$ 11,96","R$ 11,96","1,00","1,00","0,00","R$ 0,00","100,00%","0,00%"
"29/07","MGMBET","[28/07] DISP TOTAL 29/07 BASE VAIDEBET D3","13547","R$ 184,73","3,45","579,00","282,00","R$ 75,27","0,87%","0,52%","R$ 15,05","R$ 25,09","5,00","3,00","1,00","R$ 260,00","60,00%","33,33%"
"29/07","SuperBet","[28/07] DISP TOTAL 29/07 BASE SB D5","pilhado-disp-sb-d5","R$ -15,86","0,00","122,00","62,00","R$ 15,86","0,00%","0,00%","R$ 0,00","R$ 0,00","0,00","0,00","0,00","R$ 0,00","0,00%","0,00%"
"29/07","SuperBet","[28/07] DISP TOTAL 29/07 BASE MGM D5","pilhado-disp-traf-mgm-d5-sb","R$ -16,77","0,00","129,00","59,00","R$ 16,77","0,00%","0,00%","R$ 0,00","R$ 0,00","0,00","0,00","0,00","R$ 0,00","0,00%","0,00%"
"29/07","SuperBet","[28/07] DISP TOTAL 29/07 BASE VAIDEBET D5","pilhado-disp-traf-vaidebet-d5-sb","R$ -45,24","0,00","348,00","149,00","R$ 45,24","0,00%","0,00%","R$ 0,00","R$ 0,00","0,00","0,00","0,00","R$ 0,00","0,00%","0,00%"
"30/07","SuperBet","[29/07] DISP TOTAL 30/07 BASE SB D1","pilhado-disp-traf-sb-d1","R$ -7,41","0,00","57,00","29,00","R$ 7,41","0,00%","0,00%","R$ 0,00","R$ 0,00","0,00","0,00","0,00","R$ 0,00","0,00%","0,00%"
"30/07","SuperBet","[29/07] DISP TOTAL 30/07 BASE MGM D1","pilhado-disp-traf-mgm-d1","R$ -20,41","0,00","157,00","77,00","R$ 20,41","0,00%","0,00%","R$ 20,41","R$ 0,00","1,00","0,00","0,00","R$ 0,00","0,00%","0,00%"
"30/07","SuperBet","[29/07] DISP TOTAL 30/07 BASE SB D5","pilhado-disp-sb-d5","R$ -20,54","0,00","158,00","67,00","R$ 20,54","0,00%","0,00%","R$ 0,00","R$ 0,00","0,00","0,00","0,00","R$ 0,00","0,00%","0,00%"
"30/07","SuperBet","[29/07] DISP TOTAL 30/07 BASE MGM D5","pilhado-disp-traf-mgm-d5-sb","R$ -12,35","0,00","95,00","37,00","R$ 12,35","0,00%","0,00%","R$ 12,35","R$ 12,35","1,00","1,00","0,00","R$ 0,00","100,00%","0,00%"
"30/07","SuperBet","[29/07] DISP TOTAL 30/07 BASE VAIDEBET D5","pilhado-disp-traf-vaidebet-d5-sb","R$ -24,31","0,00","187,00","74,00","R$ 24,31","0,00%","0,00%","R$ 0,00","R$ 0,00","0,00","0,00","0,00","R$ 0,00","0,00%","0,00%"
"30/07","SuperBet","[29/07] DISP TOTAL 30/07 BASE NOVIBET D5","pilhado-disp-traf-novi-d5-sb","R$ -4,68","0,00","36,00","14,00","R$ 4,68","0,00%","0,00%","R$ 0,00","R$ 0,00","0,00","0,00","0,00","R$ 0,00","0,00%","0,00%"
"30/07","MGMBET"," [29/07] DISP TOTAL 30/07 BOLAO MGM","13551","R$ -3.140,54","0,00","24.158,00","6.936,00","R$ 3.140,54","0,00%","0,00%","R$ 95,17","R$ 392,57","33,00","8,00","0,00","R$ 0,00","24,24%","0,00%"
"15/07","Selecione","[14/07] DISP 15/07 RMKT LOW TICKET","-","R$ -3,77","0,00","29,00","18,00","R$ 3,77","0,00%","0,00%","","","0,00","0,00","0,00","R$ 0,00","",""
"20/07","SuperBet","[19/07] DISP TOTAL 20/07 BASE SB D5","pilhado-disp-sb-d5","R$ -18,59","0,00","143,00","75,00","R$ 18,59","0,00%","0,00%","R$ 0,00","R$ 0,00","0,00","0,00","0,00","R$ 0,00","0,00%","0,00%"
"","","","","R$ 190.128,15","1,34","4.286.245,00","","R$ 557.211,85","0,20%","0,08%","R$ 64,93","R$ 167,33","8.582,00","3.330,00","1.587,00","R$ 747.340,00","38,80%","47,66%"
