DATA,CASA,PROMOÇÃO/OBJETIVO,UTMs / PIDs,LUCRO/PREJUIZO,ROAS,ENTREGUES,LIDAS,CUSTO,CONV,CONV ftd,C.REG,C.FTD,REGISTROS,FTD,CPAS,CPA ,REG > FTD,FTD > CPA
01/07,SuperBet,[30/06] DISP TOTAL 01/07 BASE FEV ODD 1K,pilhado-disp-total-sb-1K-fev,"-R$ 1.119,50","0,57","20.150,00",,"R$ 2.619,50","0,08%","0,03%","R$ 163,72","R$ 374,21","16,00","7,00","3,00","R$ 1.500,00","43,75%","42,86%"
01/07,SuperBet,[30/06] DISP TOTAL 01/07 BASE MAR ODD 1K,pilhado-disp-total-sb-1K-mar,"R$ 7.254,51","1,83","67.273,00",,"R$ 8.745,49","0,17%","0,08%","R$ 76,05","R$ 168,18","115,00","52,00","32,00","R$ 16.000,00","45,22%","61,54%"
01/07,SuperBet,[30/06] DISP TOTAL 01/07 BASE ABRIL ODD 1K,pilhado-disp-total-sb-1K-abril,"R$ 6.207,32","1,41","117.636,00",,"R$ 15.292,68","0,11%","0,05%","R$ 120,41","R$ 263,67","127,00","58,00","43,00","R$ 21.500,00","45,67%","74,14%"
01/07,SuperBet,[30/06] DISP TOTAL 01/07 BASE MAIO ODD 1K,pilhado-disp-total-sb-1K-maio,"R$ 4.810,90","1,27","136.070,00",,"R$ 17.689,10","0,13%","0,04%","R$ 102,84","R$ 333,76","172,00","53,00","45,00","R$ 22.500,00","30,81%","84,91%"
01/07,SuperBet,[30/06] DISP TOTAL 01/07 BASE JUN1 ODD 1K,pilhado-disp-total-sb-1K-jun1,"R$ 30.307,34","1,93","251.482,00",,"R$ 32.692,66","0,19%","0,09%","R$ 67,83","R$ 145,95","482,00","224,00","126,00","R$ 63.000,00","46,47%","56,25%"
01/07,SuperBet,[30/06] DISP TOTAL 01/07 BASE JUN2 ODD 1K,pilhado-disp-total-sb-1K-jun2,"R$ 6.651,01","4,60","14.223,00",,"R$ 1.848,99","0,54%","0,27%","R$ 24,01","R$ 47,41","77,00","39,00","17,00","R$ 8.500,00","50,65%","43,59%"
02/07,SuperBet,[01/07] DISP TOTAL 02/06 BASE MAR CR7 500X,pilhado-disp-total-sb-cr7-mar,"R$ 11.560,27","2,37","64.921,00",,"R$ 8.439,73","0,22%","0,10%","R$ 59,43","R$ 129,84",142,65,"40,00","R$ 20.000,00","45,77%","61,54%"
02/07,SuperBet,[01/07] DISP TOTAL 02/07 BASE ABRIL CR7 500X,pilhado-disp-total-sb-cr7-abril,"R$ 14.189,80","2,11","98.540,00",,"R$ 12.810,20","0,16%","0,08%","R$ 83,18","R$ 154,34",154,83,"54,00","R$ 27.000,00","53,90%","65,06%"
02/07,SuperBet,[01/07] DISP TOTAL 02/07 BASE MAIO CR7 500X,pilhado-disp-total-sb-cr7-maio,"R$ 16.993,13","2,26","103.899,00",,"R$ 13.506,87","0,16%","0,09%","R$ 80,88","R$ 151,76",167,89,"61,00","R$ 30.500,00","53,29%","68,54%"
02/07,SuperBet,[01/07] DISP TOTAL 02/07 BASE JUNHO CR7 500X,pilhado-disp-total-sb-cr7-junho,"R$ 64.618,52","3,60","191.396,00",,"R$ 24.881,48","0,31%","0,16%","R$ 42,39","R$ 82,12",587,303,"179,00","R$ 89.500,00","51,62%","59,08%"
02/07,SuperBet,[01/07] DISP TOTAL 02/07 BASE JULHO CR7 500X,pilhado-disp-total-sb-cr7-julho,"R$ 555,89","1,19","22.647,00",,"R$ 2.944,11","0,11%","0,06%","R$ 117,76","R$ 226,47",25,13,"7,00","R$ 3.500,00","52,00%","53,85%"
03/07,SuperBet,[02/07] DISP TOTAL 03/07 BASE MARÇO MESSI 5K,pilhado-disp-total-sb-messi-5K-mar,"-R$ 2.961,26","0,54","49.702,00",,"R$ 6.461,26","0,05%","0,03%","R$ 239,31","R$ 497,02",27,13,"7,00","R$ 3.500,00","48,15%","53,85%"
03/07,SuperBet,[02/07] DISP TOTAL 03/07 BASE ABRIL MESSI 5K,pilhado-disp-total-sb-messi-5K-abril,"R$ 6.080,61","1,61","76.303,00",,"R$ 9.919,39","0,14%","0,07%","R$ 93,58","R$ 187,16",106,53,"32,00","R$ 16.000,00","50,00%","60,38%"
03/07,SuperBet,[02/07] DISP TOTAL 03/07 BASE MAIO MESSI 5K,pilhado-disp-total-sb-messi-5K-maio,"R$ 7.270,43","1,71","78.689,00",,"R$ 10.229,57","0,17%","0,08%","R$ 78,09","R$ 167,70",131,61,"35,00","R$ 17.500,00","46,56%","57,38%"
03/07,SuperBet,[02/07] DISP TOTAL 03/07 BASE JUNHO MESSI 5K,pilhado-disp-total-sb-messi-5K-junho,"R$ 20.726,27","2,17","136.721,00",,"R$ 17.773,73","0,22%","0,11%","R$ 59,05","R$ 122,58",301,145,"77,00","R$ 38.500,00","48,17%","53,10%"
03/07,SuperBet,[02/07] DISP TOTAL 03/07 BASE JULHO MESSI 5K,pilhado-disp-total-sb-messi-5K-julho,"R$ 20.655,96","4,87","41.108,00",,"R$ 5.344,04","0,48%","0,23%","R$ 27,27","R$ 57,46",196,93,"52,00","R$ 26.000,00","47,45%","55,91%"
04/07,SuperBet,[03/07] DISP TOTAL 04/07 BASE MARÇO MBAPPE,pilhado-disp-total-sb-mbappe-mar,"-R$ 4.059,93","0,38","50.461,00",,"R$ 6.559,93","0,09%","0,02%","R$ 142,61","R$ 546,66",46,12,"5,00","R$ 2.500,00","26,09%","41,67%"
04/07,SuperBet,[03/07] DISP TOTAL 04/07 BASE ABRIL MBAPPE,pilhado-disp-total-sb-mbappe-abril,"-R$ 464,76","0,95","76.652,00",,"R$ 9.964,76","0,09%","0,04%","R$ 148,73","R$ 321,44",67,31,"19,00","R$ 9.500,00","46,27%","61,29%"
04/07,SuperBet,[03/07] DISP TOTAL 04/07 BASE MAIO MBAPPE,pilhado-disp-total-sb-mbappe-maio,"-R$ 1.145,98","0,89","78.046,00",,"R$ 10.145,98","0,08%","0,03%","R$ 156,09","R$ 405,84",65,25,"18,00","R$ 9.000,00","38,46%","72,00%"
04/07,SuperBet,[03/07] DISP TOTAL 04/07 BASE JUNHO MBAPPE,pilhado-disp-total-sb-mbappe-junho,"R$ 3.939,47","1,22","135.081,00",,"R$ 17.560,53","0,13%","0,06%","R$ 96,49","R$ 225,14",182,78,"43,00","R$ 21.500,00","42,86%","55,13%"
04/07,SuperBet,[03/07] DISP TOTAL 04/07 BASE JULHO MBAPPE,pilhado-disp-total-sb-mbappe-julho,"R$ 15.878,73","3,23","54.779,00",,"R$ 7.121,27","0,36%","0,15%","R$ 36,33","R$ 87,92",196,81,"46,00","R$ 23.000,00","41,33%","56,79%"
05/07,MGMBET,[04/06] DISP TOTAL 05/07 BASE FEVEREIRO BRASIL ODM,13543,"-R$ 1.034,54","0,50","15.958,00",,"R$ 2.074,54","0,29%","0,16%","R$ 44,14","R$ 82,98","47,00","25,00","4,00","R$ 1.040,00","53,19%","16,00%"
05/07,MGMBET,[04/07] DISP TOTAL 05/07 BASE MARÇO BRASIL ODM,13544,"-R$ 2.066,35","0,68","49.895,00",,"R$ 6.486,35","0,37%","0,20%","R$ 34,69","R$ 64,86","187,00","100,00","17,00","R$ 4.420,00","53,48%","17,00%"
05/07,SuperBet,[04/06] DISP TOTAL 05/07 BASE ABRIL BRASIL ODM,pilhado-disp-total-brasil-odm-abril,"R$ 142,88","1,01","75.824,00",,"R$ 9.857,12","0,11%","0,05%","R$ 114,62","R$ 240,42","86,00","41,00","20,00","R$ 10.000,00","47,67%","48,78%"
05/07,SuperBet,[04/06] DISP TOTAL 05/07 BASE MAIO BRASIL ODM,pilhado-disp-total-brasil-odm-maio,"R$ 4.470,24","1,45","77.152,00",,"R$ 10.029,76","0,16%","0,07%","R$ 82,21","R$ 185,74","122,00","54,00","29,00","R$ 14.500,00","44,26%","53,70%"
05/07,SuperBet,[04/06] DISP TOTAL 05/07 BASE JUNHO BRASIL ODM,pilhado-disp-total-brasil-odm-junho,"R$ 17.081,17","1,98","133.991,00",,"R$ 17.418,83","0,20%","0,11%","R$ 63,81","R$ 120,13","273,00","145,00","69,00","R$ 34.500,00","53,11%","47,59%"
05/07,SuperBet,[04/06] DISP TOTAL 05/07 BASE JULHO BRASIL ODM,pilhado-disp-total-brasil-odm-julho,"R$ 15.603,82","2,86","64.586,00",,"R$ 8.396,18","0,35%","0,18%","R$ 37,65","R$ 71,76","223,00","117,00","48,00","R$ 24.000,00","52,47%","41,03%"
06/07,MGMBET,[06/07] DISP TOTAL 06/07 BASE FEVEREIRO CR7 ODM,13543,"-R$ 2.047,63","0,00","15.751,00",,"R$ 2.047,63","0,14%","0,06%","R$ 93,07","R$ 227,51","22,00","9,00","0,00","R$ 0,00","40,91%","0,00%"
06/07,MGMBET,[06/07] DISP TOTAL 06/07 BASE MARÇO CR7 ODM,13544,"-R$ 6.070,35","0,04","48.695,00",,"R$ 6.330,35","0,12%","0,07%","R$ 105,51","R$ 197,82","60,00","32,00","1,00","R$ 260,00","53,33%","3,13%"
06/07,SuperBet,[06/07] DISP TOTAL 06/07 BASE ABRIL CR7 ODM,pilhado-disp-total-cr7-odm-abril,"-R$ 11.080,27","0,04","89.079,00",,"R$ 11.580,27","0,04%","0,01%","R$ 296,93","R$ 1.052,75","39,00","11,00","1,00","R$ 500,00","28,21%","9,09%"
06/07,SuperBet,[06/07] DISP TOTAL 06/07 BASE MAIO CR7 ODM,pilhado-disp-total-cr7-odm-maio,"-R$ 7.312,66","0,25","75.482,00",,"R$ 9.812,66","0,04%","0,01%","R$ 297,35","R$ 1.226,58","33,00","8,00","5,00","R$ 2.500,00","24,24%","62,50%"
06/07,SuperBet,[06/07] DISP TOTAL 06/07 BASE JUNHO CR7 ODM,pilhado-disp-total-cr7-odm-junho,"-R$ 8.141,28","0,53","131.856,00",,"R$ 17.141,28","0,06%","0,03%","R$ 211,62","R$ 439,52","81,00","39,00","18,00","R$ 9.000,00","48,15%","46,15%"
06/07,SuperBet,[06/07] DISP TOTAL 06/07 BASE JULHO CR7 ODM,pilhado-disp-total-cr7-odm-julho,"-R$ 356,45","0,97","79.665,00",,"R$ 10.356,45","0,16%","0,07%","R$ 80,91","R$ 184,94","128,00","56,00","20,00","R$ 10.000,00","43,75%","35,71%"
07/07,SuperBet,[06/07] DISP TOTAL 07/07 BASE ABRIL MESSI 7777,pilhado-disp-total-messi-7777-abril,"-R$ 7.351,68","0,21","71.936,00",,"R$ 9.351,68","0,04%","0,01%","R$ 322,47","R$ 935,17","29,00","10,00","4,00","R$ 2.000,00","34,48%","40,00%"
07/07,SuperBet,[06/07] DISP TOTAL 07/07 BASE MAIO MESSI 7777,pilhado-disp-total-messi-7777-maio,"-R$ 5.502,09","0,42","73.093,00",,"R$ 9.502,09","0,06%","0,02%","R$ 231,76","R$ 678,72","41,00","14,00","8,00","R$ 4.000,00","34,15%","57,14%"
07/07,SuperBet,[06/07] DISP TOTAL 07/07 BASE JUNHO MESSI 7777,pilhado-disp-total-messi-7777-junho,"-R$ 6.380,13","0,61","126.001,00",,"R$ 16.380,13","0,07%","0,03%","R$ 188,28","R$ 399,52","87,00","41,00","20,00","R$ 10.000,00","47,13%","48,78%"
07/07,SuperBet,[06/07] DISP TOTAL 07/07 BASE JULHO MESSI 7777,pilhado-disp-total-messi-7777-julho,"-R$ 315,39","0,97","75.503,00",,"R$ 9.815,39","0,11%","0,05%","R$ 114,13","R$ 251,68","86,00","39,00","19,00","R$ 9.500,00","45,35%","48,72%"
08/07,SuperBet,[07/07] DISP TOTAL 08/07 BASE SB D1,pilhado-disp-traf-sb-d1,"R$ 1.805,00","10,26","1.500,00",,"R$ 195,00","0,80%","0,53%","R$ 16,25","R$ 24,38","12,00","8,00","4,00","R$ 2.000,00","66,67%","50,00%"
08/07,SuperBet,[07/07] DISP TOTAL 08/07 BASE MGM D1,pilhado-disp-traf-mgm-d1,"R$ 1.805,00","10,26","1.500,00",,"R$ 195,00","0,87%","0,47%","R$ 15,00","R$ 27,86","13,00","7,00","4,00","R$ 2.000,00","53,85%","57,14%"
09/07,SuperBet,[08/07] DISP TOTAL 09/07 BASE SUPER D1,pilhado-disp-traf-sb-d1,"R$ 1.375,72","12,07","956,00",,"R$ 124,28","1,57%","0,73%","R$ 8,29","R$ 17,75","15,00","7,00","3,00","R$ 1.500,00","46,67%","42,86%"
09/07,SuperBet,[08/07] DISP TOTAL 09/07 BASE MGM D1,pilhado-disp-traf-mgm-d1,"R$ 2.379,88","20,81","924,00",,"R$ 120,12","1,95%","0,65%","R$ 6,67","R$ 20,02","18,00","6,00","5,00","R$ 2.500,00","33,33%","83,33%"
09/07,SuperBet,[08/07] DISP TOTAL 09/07 BASE BETE D1,pilhado-disp-traf-bete-d1,"R$ 824,37","5,69","1.351,00",,"R$ 175,63","1,70%","0,74%","R$ 7,64","R$ 17,56","23,00","10,00","2,00","R$ 1.000,00","43,48%","20,00%"
09/07,SuperBet,[08/07] DISP TOTAL 09/07 BASE VAIDEBET D1,pilhado-disp-traf-vaidebet-d1,"-R$ 47,06","0,00","362,00",,"R$ 47,06","0,00%","0,00%",,,"0,00","0,00","0,00","R$ 0,00",#DIV/0!,#DIV/0!
10/07,SuperBet,DISP TOTAL SEM RISCO SUPER,pilhado-disp-total-sem-risco-15k,"-R$ 9.740,56","0,69","240.312,00",,"R$ 31.240,56","0,22%","0,07%","R$ 57,85","R$ 187,07","540,00","167,00","43,00","R$ 21.500,00","30,93%","25,75%"
10/07,SuperBet,[09/07] DISP TOTAL 10/07 BASE MGM D1,pilhado-disp-traf-mgm-d1,"R$ 1.321,51","8,40","1.373,00",,"R$ 178,49","0,66%","0,22%","R$ 19,83","R$ 59,50","9,00","3,00","3,00","R$ 1.500,00","33,33%","100,00%"
10/07,SuperBet,[09/07] DISP TOTAL 10/07 BASE VAIDEBET D1,pilhado-disp-traf-vaidebet-d1,"-R$ 176,93","0,00","1.361,00",,"R$ 176,93","1,03%","0,29%","R$ 12,64","R$ 44,23","14,00","4,00","0,00","R$ 0,00","28,57%","0,00%"
10/07,SuperBet,[09/07] DISP TOTAL 10/07 BASE BETE D1,pilhado-disp-traf-bete-d1,"R$ 362,46","3,64","1.058,00",,"R$ 137,54","0,76%","0,19%","R$ 17,19","R$ 68,77","8,00","2,00","1,00","R$ 500,00","25,00%","50,00%"
10/07,MGMBET,[09/07] DISP TOTAL 10/07 BASE SB D3,13398,"R$ 333,84","2,79","1.432,00",,"R$ 186,16","2,16%","0,56%","R$ 6,01","R$ 23,27","31,00","8,00","2,00","R$ 520,00","25,81%","25,00%"
10/07,MGMBET,[09/07] DISP TOTAL 10/07 BASE MGM D3,13538,"R$ 79,30","1,44","1.390,00",,"R$ 180,70","0,94%","0,50%","R$ 13,90","R$ 25,81","13,00","7,00","1,00","R$ 260,00","53,85%","14,29%"
11/07,SuperBet,[10/07] DISP TOTAL 11/07 BASE SB D1,pilhado-disp-traf-sb-d1,"R$ 1.872,47","15,68","981,00",,"R$ 127,53","1,63%","0,61%","R$ 7,97","R$ 21,26","16,00","6,00","4,00","R$ 2.000,00","37,50%","66,67%"
11/07,SuperBet,	[10/07] DISP TOTAL 11/07 BASE MGM D1,pilhado-disp-traf-mgm-d1,"R$ 408,22","5,45","706,00",,"R$ 91,78","1,56%","0,71%","R$ 8,34","R$ 18,36","11,00","5,00","1,00","R$ 500,00","45,45%","20,00%"
11/07,SuperBet,[10/07] DISP TOTAL 11/07 BASE BETE D1,pilhado-disp-traf-bete-d1,"-R$ 18,59","0,00","143,00",,"R$ 18,59","1,40%","0,00%","R$ 9,30",,"2,00","0,00","0,00","R$ 0,00","0,00%",#DIV/0!
11/07,MGMBET,	[10/07] DISP TOTAL 11/07 BASE SB D3,13398,"R$ 657,54","6,37","942,00",,"R$ 122,46","1,49%","1,17%","R$ 8,75","R$ 11,13","14,00","11,00","3,00","R$ 780,00","78,57%","27,27%"
11/07,MGMBET,[10/07] DISP TOTAL 11/07 BASE MGM D3,13538,"R$ 140,40","2,17","920,00",,"R$ 119,60","0,22%","0,22%","R$ 59,80","R$ 59,80","2,00","2,00","1,00","R$ 260,00","100,00%","50,00%"
11/07,MGMBET,	[10/07] DISP TOTAL 11/07 BASE BETE D3,13540,"R$ 84,63","1,48","1.349,00",,"R$ 175,37","1,63%","0,74%","R$ 7,97","R$ 17,54","22,00","10,00","1,00","R$ 260,00","45,45%","10,00%"
11/07,MGMBET,	[10/07] DISP TOTAL 11/07 BASE VAIDEBET D3,13547,"-R$ 48,88","0,00","376,00",,"R$ 48,88","0,00%","0,00%",,,"0,00","0,00","0,00","R$ 0,00",#DIV/0!,#DIV/0!
12/07,SuperBet,[11/07] DISP TOTAL 12/07 BASE MGM D1,pilhado-disp-traf-mgm-d1,"R$ 881,57","8,44","911,00",,"R$ 118,43","0,33%","0,11%","R$ 39,48","R$ 118,43","3,00","1,00","2,00","R$ 1.000,00","33,33%","200,00%"
12/07,SuperBet,[11/07] DISP TOTAL 12/07 BASE SB D1,pilhado-disp-traf-sb-d1,"R$ 854,53","6,87","1.119,00",,"R$ 145,47","1,34%","0,54%","R$ 9,70","R$ 24,25","15,00","6,00","2,00","R$ 1.000,00","40,00%","33,33%"
12/07,MGMBET,[11/07] DISP TOTAL 12/07 BASE MGM D3,13538,"-R$ 162,63","0,00","1.251,00",,"R$ 162,63","0,32%","0,16%","R$ 40,66","R$ 81,32","4,00","2,00","0,00","R$ 0,00","50,00%","0,00%"
12/07,MGMBET,[11/07] DISP TOTAL 12/07 BASE VAIDEBET D3,13547,"R$ 336,33","3,05","1.259,00",,"R$ 163,67","0,24%","0,08%","R$ 54,56","R$ 163,67","3,00","1,00","1,00","R$ 500,00","33,33%","100,00%"
12/07,MGMBET,[11/07] DISP TOTAL 12/07 BASE BETESPORTE D3,13540,"-R$ 129,48","0,00","996,00",,"R$ 129,48","1,00%","0,40%","R$ 12,95","R$ 32,37","10,00","4,00","0,00","R$ 0,00","40,00%","0,00%"
12/07,SuperBet,[11/07] DISP TOTAL 12/07 BASE MGM D5,pilhado-disp-traf-mgm-d5-sb,"-R$ 165,62","0,00","1.274,00",,"R$ 165,62","0,08%","0,00%","R$ 165,62",,"1,00","0,00","0,00","R$ 0,00","0,00%",#DIV/0!
12/07,SuperBet,[11/07] DISP TOTAL 12/07 BASE SB D5,pilhado-disp-sb-d5,"R$ 353,60","3,13","1.280,00",,"R$ 166,40","0,31%","0,23%","R$ 41,60","R$ 55,47","4,00","3,00","2,00","R$ 520,00","75,00%","66,67%"
13/07,SuperBet,[13/07] DISP TOTAL 13/07 BASE SB D1,pilhado-disp-traf-sb-d1,"-R$ 110,63","0,00","851,00",,"R$ 110,63","0,71%","0,24%","R$ 18,44","R$ 55,32","6,00","2,00","0,00","R$ 0,00","33,33%","0,00%"
13/07,MGMBET,[13/07] DISP TOTAL 13/07 BASE SB D3,13398,"R$ 143,13","2,22","899,00",,"R$ 116,87","1,67%","0,78%","R$ 7,79","R$ 16,70","15,00","7,00","1,00","R$ 260,00","46,67%","14,29%"
13/07,MGMBET,[13/07] DISP TOTAL 13/07 BASE MGM D3,13538,"-R$ 86,19","0,00","663,00",,"R$ 86,19","0,90%","0,30%","R$ 14,37","R$ 43,10","6,00","2,00","0,00","R$ 0,00","33,33%","0,00%"
13/07,MGMBET,[13/07] DISP TOTAL 13/07 BASE BETE D3,13540,"-R$ 17,94","0,00","138,00",,"R$ 17,94","2,17%","0,72%","R$ 5,98","R$ 17,94","3,00","1,00","0,00","R$ 0,00","33,33%","0,00%"
13/07,SuperBet,[13/07] DISP TOTAL 13/07 BASE SB D5,pilhado-disp-sb-d5,"-R$ 113,75","0,00","875,00",,"R$ 113,75","0,23%","0,23%","R$ 56,88","R$ 56,88","2,00","2,00","0,00","R$ 0,00","100,00%","0,00%"
13/07,SuperBet,[13/07] DISP TOTAL 13/07 BASE MGM D5,pilhado-disp-traf-mgm-d5-sb,"-R$ 113,36","0,00","872,00",,"R$ 113,36","0,34%","0,11%","R$ 37,79","R$ 113,36","3,00","1,00","0,00","R$ 0,00","33,33%","0,00%"
13/07,SuperBet,[13/07] DISP TOTAL 13/07 BASE BETE D5,pilhado-disp-bete-d5-sb,"-R$ 168,35","0,00","1.295,00",,"R$ 168,35","0,23%","0,15%","R$ 56,12","R$ 84,18","3,00","2,00","0,00","R$ 0,00","66,67%","0,00%"
14/07,SuperBet,[13/06] DISP TOTAL 14/07 BASE JUN/JULHO SEMIFINAL 01,pilhado-disp-total-semifinal-01,"R$ 11.711,80","1,39","229.140,00",,"R$ 29.788,20","0,18%","0,06%","R$ 74,10","R$ 202,64","402,00","147,00","83,00","R$ 41.500,00","36,57%","56,46%"
14/07,MGMBET,[13/07] DISP TOTAL 14/07 BASE SB D3,13398,"R$ 658,71","6,43","933,00",,"R$ 121,29","1,50%","0,75%","R$ 8,66","R$ 17,33","14,00","7,00","3,00","R$ 780,00","50,00%","42,86%"
14/07,MGMBET,[13/07] DISP TOTAL 14/07 BASE MGM D3,13538,"-R$ 98,54","0,00","758,00",,"R$ 98,54","1,45%","0,79%","R$ 8,96","R$ 16,42","11,00","6,00","0,00","R$ 0,00","54,55%","0,00%"
14/07,SuperBet,	[13/07] DISP TOTAL 14/07 BASE MGM D5,pilhado-disp-traf-mgm-d5-sb,"R$ 856,74","6,98","1.102,00",,"R$ 143,26","0,27%","0,27%","R$ 47,75","R$ 47,75","3,00","3,00","2,00","R$ 1.000,00","100,00%","66,67%"
14/07,SuperBet, [13/07] DISP TOTAL 14/07 BASE BETE D5,pilhado-disp-bete-d5-sb,"-R$ 26,52","0,00","204,00",,"R$ 26,52","0,00%","0,00%",,,"0,00","0,00","0,00","R$ 0,00","0,00%","0,00%"
14/07,SuperBet, [13/07] DISP TOTAL 14/07 BASE VDB D5,pilhado-disp-traf-vaidebet-d5-sb,"-R$ 144,04","0,00","1.108,00",,"R$ 144,04","0,00%","0,00%",,,"0,00","0,00","0,00","R$ 0,00","0,00%","0,00%"
14/07,MGMBET, [13/07] DISP TOTAL 14/07 BASE SB D7,13422,"-R$ 148,07","0,00","1.139,00",,"R$ 148,07","0,35%","0,09%","R$ 37,02","R$ 148,07","4,00","1,00","0,00","R$ 0,00","25,00%","0,00%"
14/07,MGMBET,[13/07] DISP TOTAL 14/07 BASE MGM D7,13542,"-R$ 149,37","0,00","1.149,00",,"R$ 149,37","0,00%","0,00%",,,"0,00","0,00","0,00","R$ 0,00","0,00%","0,00%"
15/07,SuperBet,[14/07] DISP TOTAL 15/07 BASE JUNHO/JULHO SEMIFINAL 02,pilhado-disp-total-semifinal-02,"-R$ 13.896,11","0,58","253.047,00",,"R$ 32.896,11","0,07%","0,03%","R$ 184,81","R$ 490,99","178,00","67,00","38,00","R$ 19.000,00","37,64%","56,72%"
15/07,MGMBET,[14/07] DISP TOTAL 15/07 BASE SB D3,13398,"R$ 680,16","7,81","768,00",,"R$ 99,84","1,30%","0,78%","R$ 9,98","R$ 16,64","10,00","6,00","3,00","R$ 780,00","60,00%","50,00%"
15/07,SuperBet,[14/07] DISP TOTAL 15/07 BASE MGM D5,pilhado-disp-traf-mgm-d5-sb,"R$ 101,92","1,64","1.216,00",,"R$ 158,08","0,16%","0,08%","R$ 79,04","R$ 158,08","2,00","1,00","1,00","R$ 260,00","50,00%","100,00%"
15/07,SuperBet,[14/07] DISP TOTAL 15/07 BASE BETE D5,pilhado-disp-bete-d5-sb,"R$ 131,04","2,02","992,00",,"R$ 128,96","0,10%","0,10%","R$ 128,96","R$ 128,96","1,00","1,00","1,00","R$ 260,00","100,00%","100,00%"
15/07,SuperBet,[14/07] DISP TOTAL 15/07 BASE VAIDEBET D5,pilhado-disp-traf-vaidebet-d5-sb,"R$ 359,06","3,23","1.238,00",,"R$ 160,94","0,24%","0,16%","R$ 53,65","R$ 80,47","3,00","2,00","2,00","R$ 520,00","66,67%","100,00%"
15/07,MGMBET,[14/07] DISP TOTAL 15/07 BASE SB D7,13422,"R$ 149,89","2,36","847,00",,"R$ 110,11","0,59%","0,12%","R$ 22,02","R$ 110,11","5,00","1,00","1,00","R$ 260,00","20,00%","100,00%"
15/07,MGMBET,[14/07] DISP TOTAL 15/07 BASE MGM D7,13542,"R$ 149,37","2,35","851,00",,"R$ 110,63","0,35%","0,12%","R$ 36,88","R$ 110,63","3,00","1,00","1,00","R$ 260,00","33,33%","100,00%"
15/07,MGMBET,[14/07] DISP TOTAL 15/07 BASE BETE D7,13544,"R$ 93,47","1,56","1.281,00",,"R$ 166,53","0,23%","0,16%","R$ 55,51","R$ 83,27","3,00","2,00","1,00","R$ 260,00","66,67%","50,00%"
15/07,MGMBET,[14/07] DISP TOTAL 15/07 BASE VAIDEBET D7,13548,"-R$ 48,49","0,00","373,00",,"R$ 48,49","0,27%","0,00%","R$ 48,49",,"1,00","0,00","0,00","R$ 0,00","0,00%","0,00%"
16/07,Selecione,	[15/07] DISP 16/07 RMKT LOW TICKET,-,"-R$ 101,92","0,00","784,00",,"R$ 101,92","0,00%","0,00%",,,"0,00","0,00","0,00","R$ 0,00",#DIV/0!,#DIV/0!
16/07,SuperBet,	[15/07] DISP TOTAL 16/07 BASE SB D1,pilhado-disp-traf-sb-d1,"-R$ 21,58","0,00","166,00",,"R$ 21,58","1,20%","0,00%","R$ 10,79",,"2,00","0,00","0,00","R$ 0,00","0,00%",#DIV/0!
16/07,MGMBET,	[15/07] DISP TOTAL 16/07 BASE SB D3,13398,"R$ 165,88","2,76","724,00",,"R$ 94,12","0,41%","0,41%","R$ 31,37","R$ 31,37","3,00","3,00","1,00","R$ 260,00","100,00%","33,33%"
16/07,SuperBet,	[15/07] DISP TOTAL 16/07 BASE SB D5,pilhado-disp-sb-d5,"-R$ 128,57","0,00","989,00",,"R$ 128,57","0,30%","0,20%","R$ 42,86","R$ 64,29","3,00","2,00","0,00","R$ 0,00","66,67%","0,00%"
16/07,SuperBet,	[15/07] DISP TOTAL 16/07 BASE MGM D5,pilhado-disp-traf-mgm-d5-sb,"R$ 393,27","4,68","821,00",,"R$ 106,73","0,12%","0,24%","R$ 106,73","R$ 53,37","1,00","2,00","1,00","R$ 500,00","200,00%","50,00%"
17/07,SuperBet,[16/07] DISP TOTAL 17/07 BASE MGM D1,pilhado-disp-traf-mgm-d1,"R$ 491,29","57,41","67,00",,"R$ 8,71","1,49%","1,49%","R$ 8,71","R$ 8,71","1,00","1,00","1,00","R$ 500,00","100,00%","100,00%"
17/07,SuperBet, [16/07] DISP TOTAL 17/07 BASE SB D1,pilhado-disp-traf-sb-d1,"R$ 472,70","18,32","210,00",,"R$ 27,30","0,00%","0,00%",,,"0,00","0,00","1,00","R$ 500,00",#DIV/0!,#DIV/0!
17/07,SuperBet,	[16/07] DISP TOTAL 17/07 BASE SB D5,pilhado-disp-traf-novi-d5-sb,"R$ 877,28","8,15","944,00",,"R$ 122,72","0,32%","0,21%","R$ 40,91","R$ 61,36","3,00","2,00","2,00","R$ 1.000,00","66,67%","100,00%"
17/07,SuperBet,	[16/07] DISP TOTAL 17/07 BASE MGM D5,pilhado-disp-traf-mgm-d5-sb,"R$ 397,43","4,87","789,00",,"R$ 102,57","0,13%","0,00%","R$ 102,57",,"1,00","0,00","1,00","R$ 500,00","0,00%",#DIV/0!
18/07,SuperBet,	[17/07] DISP TOTAL 18/07 BASE SB D1,pilhado-disp-traf-sb-d1,"-R$ 88,66","0,00","682,00",,"R$ 88,66","0,44%","0,29%","R$ 29,55","R$ 44,33","3,00","2,00","0,00","R$ 0,00","66,67%","0,00%"
18/07,SuperBet, 	[17/07] DISP TOTAL 18/07 BASE MGM D1,pilhado-disp-traf-mgm-d1,"R$ 492,85","69,93","55,00",,"R$ 7,15","0,00%","1,82%",,"R$ 7,15","0,00","1,00","1,00","R$ 500,00",#DIV/0!,"100,00%"
18/07,SuperBet, [17/07] DISP TOTAL 18/07 BASE BETE D1,pilhado-disp-traf-bete-d1,"R$ 470,36","16,87","228,00",,"R$ 29,64","2,19%","0,44%","R$ 5,93","R$ 29,64","5,00","1,00","1,00","R$ 500,00","20,00%","100,00%"
18/07,MGMBET, [17/07] DISP TOTAL 18/07 BASE SB D3,13398,"R$ 499,72","25,64","156,00",,"R$ 20,28","1,28%","0,64%","R$ 10,14","R$ 20,28","2,00","1,00","2,00","R$ 520,00","50,00%","200,00%"
18/07,SuperBet, [17/07] DISP TOTAL 18/07 BASE SB D5,pilhado-disp-sb-d5,"-R$ 90,22","0,00","694,00",,"R$ 90,22","0,14%","0,14%","R$ 90,22","R$ 90,22","1,00","1,00","0,00","R$ 0,00","100,00%","0,00%"
19/07,SuperBet,[18/07] DISP TOTAL 19/07 BASE SB D1,pilhado-disp-traf-sb-d1,"R$ 421,74","6,39","602,00",,"R$ 78,26","0,66%","0,17%","R$ 19,57","R$ 78,26","4,00","1,00","1,00","R$ 500,00","25,00%","100,00%"
19/07,SuperBet,[18/07] DISP TOTAL 19/07 BASE MGM D1,pilhado-disp-traf-mgm-d1,"R$ 970,75","34,19","225,00",,"R$ 29,25","1,78%","1,78%","R$ 7,31","R$ 7,31","4,00","4,00","2,00","R$ 1.000,00","100,00%","50,00%"
19/07,SuperBet,[18/07] DISP TOTAL 19/07 BASE BETE D1,pilhado-disp-traf-bete-d1,"-R$ 31,20","0,00","240,00",,"R$ 31,20","1,67%","0,00%","R$ 7,80",,"4,00","0,00","0,00","R$ 0,00","0,00%",#DIV/0!
19/07,SuperBet,[18/07] DISP TOTAL 19/07 BASE OURO D1,pilhado-disp-traf-d1-ouro,"-R$ 136,89","0,00","1.053,00",,"R$ 136,89","0,47%","0,00%","R$ 27,38",,"5,00","0,00","0,00","R$ 0,00","0,00%",#DIV/0!
19/07,MGMBET,[18/07] DISP TOTAL 19/07 BASE SB D3,13398,"R$ 496,21","21,86","183,00",,"R$ 23,79","1,09%","1,09%","R$ 11,90","R$ 11,90","2,00","2,00","2,00","R$ 520,00","100,00%","100,00%"
19/07,MGMBET,[18/07] DISP TOTAL 19/07 BASE MGM D3,13538,"-R$ 7,15","0,00","55,00",,"R$ 7,15","1,82%","1,82%","R$ 7,15","R$ 7,15","1,00","1,00","0,00","R$ 0,00","100,00%","0,00%"
19/07,NoviBet,[18/07] DISP TOTAL 19/07 FINAL COPA 1,,"-R$ 13.111,67","0,42","172.859,00",,"R$ 22.471,67","0,53%","0,10%","R$ 24,48","R$ 126,25","918,00","178,00","52,00","R$ 9.360,00","19,39%","29,21%"
19/07,NoviBet,[18/07] DISP TOTAL 19/07 FINAL COPA 2,,"-R$ 14.397,67","0,36","173.059,00",,"R$ 22.497,67","0,59%","0,11%","R$ 21,93","R$ 120,96","1.026,00","186,00","45,00","R$ 8.100,00","18,13%","24,19%"
20/07,SuperBet, 	[19/07] DISP TOTAL 20/07 BASE SB D1,pilhado-disp-traf-sb-d1,"R$ 825,28","5,72","1.344,00",,"R$ 174,72","0,52%","0,22%","R$ 24,96","R$ 58,24","7,00","3,00","2,00","R$ 1.000,00","42,86%","66,67%"
20/07,SuperBet, [19/07] DISP TOTAL 20/07 BASE MGM D1,pilhado-disp-traf-mgm-d1,"R$ 470,10","16,72","230,00",,"R$ 29,90","1,74%","1,30%","R$ 7,48","R$ 9,97","4,00","3,00","1,00","R$ 500,00","75,00%","33,33%"
20/07,SuperBet, 	[19/07] DISP TOTAL 20/07 BASE BETE D1,pilhado-disp-traf-bete-d1,"-R$ 281,45","0,00","2.165,00",,"R$ 281,45","0,51%","0,05%","R$ 25,59","R$ 281,45","11,00","1,00","0,00","R$ 0,00","9,09%","0,00%"
20/07,SuperBet, [19/07] DISP TOTAL 20/07 BASE NOVIBET D1,pilhado-disp-traf-novibet-d1,"-R$ 420,23","0,78","14.771,00",,"R$ 1.920,23","0,11%","0,04%","R$ 120,01","R$ 320,04","16,00","6,00","3,00","R$ 1.500,00","37,50%","50,00%"
20/07,MGMBET, 	[19/07] DISP TOTAL 20/07 BASE SB D3,13398,"-R$ 79,56","0,00","612,00",,"R$ 79,56","0,82%","0,33%","R$ 15,91","R$ 39,78","5,00","2,00","0,00","R$ 0,00","40,00%","0,00%"
20/07,MGMBET, [19/07] DISP TOTAL 20/07 BASE MGM D3,13538,"-R$ 6,24","0,00","48,00",,"R$ 6,24","0,00%","0,00%",,,"0,00","0,00","0,00","R$ 0,00",#DIV/0!,#DIV/0!
20/07,MGMBET, 	[19/07] DISP TOTAL 20/07 BASE BETE D3,13540,"-R$ 27,04","0,00","208,00",,"R$ 27,04","0,48%","0,48%","R$ 27,04","R$ 27,04","1,00","1,00","0,00","R$ 0,00","100,00%","0,00%"
21/07,SuperBet, 	[20/07] DISP TOTAL 21/07 BASE SB D1,pilhado-disp-traf-sb-d1,"-R$ 56,68","0,00","436,00",,"R$ 56,68","2,52%","1,15%","R$ 28,34","R$ 28,34","2,00","2,00","0,00","R$ 0,00","100,00%","0,00%"
21/07,MGMBET, 	[20/07] DISP TOTAL 21/07 BASE SB D3,13538,"R$ 702,26","10,03","598,00",,"R$ 77,74","0,00%","0,00%","R$ 7,07","R$ 15,55","11,00","5,00","3,00","R$ 780,00","45,45%","60,00%"
21/07,MGMBET, 	[20/07] DISP TOTAL 21/07 BASE MGM D3 ,13538,"-R$ 27,95","0,00","215,00",,"R$ 27,95","0,00%","0,00%",,,"0,00","0,00","0,00","R$ 0,00",#DIV/0!,#DIV/0!
21/07,MGMBET, 	[20/07] DISP TOTAL 21/07 BASE BETE D3 ,13540,"-R$ 30,42","0,00","234,00",,"R$ 30,42","0,43%","0,43%","R$ 30,42","R$ 30,42","1,00","1,00","0,00","R$ 0,00","100,00%","0,00%"
21/07,MGMBET,	[20/07] DISP TOTAL 21/07 BASE OURO D3 ,13549,"-R$ 134,16","0,00","1.032,00",,"R$ 134,16","0,87%","0,39%","R$ 14,91","R$ 33,54","9,00","4,00","0,00","R$ 0,00","44,44%","0,00%"
21/07,SuperBet,	[20/07] DISP TOTAL 21/07 BASE SB D5 ,pilhado-disp-sb-d5,"-R$ 23,66","0,00","182,00",,"R$ 23,66","0,55%","0,00%","R$ 23,66",,"1,00","0,00","0,00","R$ 0,00","0,00%",#DIV/0!
21/07,SuperBet, 	[20/07] DISP TOTAL 21/07 BASE MGM D5,pilhado-disp-traf-mgm-d5-sb,"-R$ 7,93","0,00","61,00",,"R$ 7,93","1,64%","1,64%","R$ 7,93","R$ 7,93","1,00","1,00","0,00","R$ 0,00","100,00%","0,00%"
22/07,SuperBet, [21/07] DISP TOTAL 22/07 BASE SB D1,pilhado-disp-traf-sb-d1,"-R$ 63,70","0,00","490,00",,"R$ 63,70","0,00%","0,20%",,"R$ 63,70","0,00","1,00","0,00","R$ 0,00",#DIV/0!,"0,00%"
22/07,SuperBet, [21/07] DISP TOTAL 22/07 BASE MGM D1,pilhado-disp-traf-mgm-d1,"-R$ 13,52","0,00","104,00",,"R$ 13,52","0,00%","0,00%",,,"0,00","0,00","0,00","R$ 0,00",#DIV/0!,#DIV/0!
22/07,MGMBET, [21/07] DISP TOTAL 22/07 BASE SB D3,13398,"R$ 100,36","1,63","1.228,00",,"R$ 159,64","1,06%","0,41%","R$ 12,28","R$ 31,93","13,00","5,00","1,00","R$ 260,00","38,46%","20,00%"
22/07,MGMBET, [21/07] DISP TOTAL 22/07 BASE MGM D3,13538,"-R$ 27,17","0,00","209,00",,"R$ 27,17","0,96%","0,00%","R$ 13,59",,"2,00","0,00","0,00","R$ 0,00","0,00%",#DIV/0!
22/07,MGMBET, [21/07] DISP TOTAL 22/07 BASE BETE D3,13540,"-R$ 254,02","0,00","1.954,00",,"R$ 254,02","0,00%","0,00%",,,"0,00","0,00","0,00","R$ 0,00",#DIV/0!,#DIV/0!
22/07,MGMBET, [21/07] DISP TOTAL 22/07 BASE NOVIBET D3,13550,"-R$ 1.527,11","0,15","13.747,00",,"R$ 1.787,11","0,20%","0,06%","R$ 66,19","R$ 223,39","27,00","8,00","1,00","R$ 260,00","29,63%","12,50%"
22/07,SuperBet, [21/07] DISP TOTAL 22/07 BASE SB D5,pilhado-disp-sb-d5,"-R$ 76,44","0,00","588,00",,"R$ 76,44","0,00%","0,17%",,"R$ 76,44","0,00","1,00","0,00","R$ 0,00",#DIV/0!,"0,00%"
22/07,SuperBet, [21/07] DISP TOTAL 22/07 BASE MGM D5,pilhado-disp-traf-mgm-d5-sb,"R$ 493,89","81,83","47,00",,"R$ 6,11","0,00%","2,13%",,"R$ 6,11","0,00","1,00","1,00","R$ 500,00",#DIV/0!,"100,00%"
22/07,SuperBet, [21/07] DISP TOTAL 22/07 BASE BETE D5,pilhado-disp-bete-d5-sb,"-R$ 25,48","0,00","196,00",,"R$ 25,48","0,00%","0,00%",,,"0,00","0,00","0,00","R$ 0,00",#DIV/0!,#DIV/0!
23/07,SuperBet, [22/07] DISP TOTAL 23/07 BASE SB D1,pilhado-disp-traf-sb-d1,"-R$ 20,02","0,00","154,00",,"R$ 20,02","2,60%","0,65%","R$ 5,01","R$ 20,02","4,00","1,00","0,00","R$ 0,00","25,00%","0,00%"
23/07,SuperBet, [22/07] DISP TOTAL 23/07 BASE MGM D1,pilhado-disp-traf-mgm-d1,"-R$ 17,03","0,00","131,00",,"R$ 17,03","0,76%","0,76%","R$ 17,03","R$ 17,03","1,00","1,00","0,00","R$ 0,00","100,00%","0,00%"
23/07,MGMBET, [22/07] DISP TOTAL 23/07 BASE SB D3,13398,"R$ 467,87","9,98","401,00",,"R$ 52,13","1,25%","0,75%","R$ 10,43","R$ 17,38","5,00","3,00","2,00","R$ 520,00","60,00%","66,67%"
23/07,SuperBet, [22/07] DISP TOTAL 23/07 BASE SB D5,pilhado-disp-sb-d5,"R$ 187,46","3,58","558,00",,"R$ 72,54","0,00%","0,00%",,,"0,00","0,00","1,00","R$ 260,00",#DIV/0!,#DIV/0!
23/07,SuperBet, [22/07] DISP TOTAL 23/07 BASE MGM D5,pilhado-disp-traf-mgm-d5-sb,"-R$ 25,48","0,00","196,00",,"R$ 25,48","1,02%","0,51%","R$ 12,74","R$ 25,48","2,00","1,00","0,00","R$ 0,00","50,00%","0,00%"
23/07,SuperBet, [22/07] DISP TOTAL 23/07 BASE BETE D5,pilhado-disp-bete-d5-sb,"-R$ 29,38","0,00","226,00",,"R$ 29,38","0,00%","0,00%",,,"0,00","0,00","0,00","R$ 0,00",#DIV/0!,#DIV/0!
23/07,SuperBet, [22/07] DISP TOTAL 23/07 BASE OURO D5,pilhado-disp-ouro-d5,"-R$ 122,46","0,00","942,00",,"R$ 122,46","0,00%","0,00%",,,"0,00","0,00","0,00","R$ 0,00",#DIV/0!,#DIV/0!
25/07,SuperBet, [24/07] DISP TOTAL 25/07 BASE SB D1,pilhado-disp-traf-sb-d1,"-R$ 16,51","0,00","127,00",,"R$ 16,51","0,79%","1,57%","R$ 16,51","R$ 8,26","1,00","2,00","0,00","R$ 0,00","200,00%","0,00%"
25/07,SuperBet, [24/07] DISP TOTAL 25/07 BASE MGM D1,pilhado-disp-traf-mgm-d1,"-R$ 17,68","0,00","136,00",,"R$ 17,68","0,00%","0,00%",,,"0,00","0,00","0,00","R$ 0,00",#DIV/0!,#DIV/0!
25/07,SuperBet, [24/07] DISP TOTAL 25/07 BASE VAIDEBET D1,pilhado-disp-traf-vaidebet-d1,"R$ 212,68","5,49","364,00",,"R$ 47,32","1,10%","0,55%","R$ 11,83","R$ 23,66","4,00","2,00","1,00","R$ 260,00","50,00%","50,00%"
25/07,MGMBET, [24/07] DISP TOTAL 25/07 BASE SB D3,13398,"R$ 200,59","4,38","457,00",,"R$ 59,41","1,09%","0,22%","R$ 11,88","R$ 59,41","5,00","1,00","1,00","R$ 260,00","20,00%","100,00%"
25/07,MGMBET, [24/07] DISP TOTAL 25/07 BASE MGM D3,13538,"-R$ 11,96","0,00","92,00",,"R$ 11,96","0,00%","0,00%",,,"0,00","0,00","0,00","R$ 0,00",#DIV/0!,#DIV/0!
25/07,SuperBet, [24/07] DISP TOTAL 25/07 BASE SB D5,pilhado-disp-sb-d5,"-R$ 154,18","0,00","1.186,00",,"R$ 154,18","0,34%","0,00%","R$ 38,55",,"4,00","0,00","0,00","R$ 0,00","0,00%",#DIV/0!
25/07,SuperBet, [24/07] DISP TOTAL 25/07 BASE MGM D5,pilhado-disp-traf-mgm-d5-sb,"-R$ 26,00","0,00","200,00",,"R$ 26,00","0,00%","0,00%",,,"0,00","0,00","0,00","R$ 0,00",#DIV/0!,#DIV/0!
25/07,SuperBet, [24/07] DISP TOTAL 25/07 BASE BETE D5,pilhado-disp-bete-d5-sb,"-R$ 241,67","0,00","1.859,00",,"R$ 241,67","0,16%","0,00%","R$ 80,56",,"3,00","0,00","0,00","R$ 0,00","0,00%",#DIV/0!
25/07,SuperBet, [24/07] DISP TOTAL 25/07 BASE NOVIBET D5,pilhado-disp-traf-novi-d5-sb,"-R$ 1.208,98","0,29","13.146,00",,"R$ 1.708,98","0,06%","0,02%","R$ 213,62","R$ 569,66","8,00","3,00","1,00","R$ 500,00","37,50%","33,33%"
26/07,SuperBet,  [25/07] DISP TOTAL 26/07 BASE SB D1,pilhado-disp-traf-sb-d1,"R$ 976,08","41,81","184,00",,"R$ 23,92","2,17%","1,63%","R$ 5,98","R$ 7,97","4,00","3,00","2,00","R$ 1.000,00","75,00%","66,67%"
26/07,SuperBet,  [25/07] DISP TOTAL 26/07 BASE MGM D1,pilhado-disp-traf-mgm-d1,"R$ 483,62","30,53","126,00",,"R$ 16,38","0,79%","0,79%","R$ 16,38","R$ 16,38","1,00","1,00","1,00","R$ 500,00","100,00%","100,00%"
26/07,SuperBet,  [25/07] DISP TOTAL 26/07 BASE VAIDEBET D1,pilhado-disp-traf-vaidebet-d1,"R$ 473,09","18,58","207,00",,"R$ 26,91","0,00%","0,00%",,,"0,00","0,00","1,00","R$ 500,00",#DIV/0!,#DIV/0!
26/07,SuperBet,  [25/07] DISP TOTAL 26/07 BASE NOVIBET D1,pilhado-disp-traf-novibet-d1,"-R$ 5,20","0,00","40,00",,"R$ 5,20","0,00%","0,00%",,,"0,00","0,00","0,00","R$ 0,00",#DIV/0!,#DIV/0!
26/07,MGMBET,  [25/07] DISP TOTAL 26/07 BASE SB D3,13398,"R$ 980,76","51,98","148,00",,"R$ 19,24","0,68%","0,00%","R$ 19,24",,"1,00","0,00","2,00","R$ 1.000,00","0,00%",#DIV/0!
26/07,MGMBET,  [25/07] DISP TOTAL 26/07 BASE MGM D3,13538,"-R$ 16,51","0,00","127,00",,"R$ 16,51","0,79%","0,00%","R$ 16,51",,"1,00","0,00","0,00","R$ 0,00","0,00%",#DIV/0!
26/07,SuperBet,  [25/07] DISP TOTAL 26/07 BASE SB D5,pilhado-disp-traf-mgm-d5-sb,"-R$ 50,05","0,00","385,00",,"R$ 50,05","0,52%","0,26%","R$ 25,03","R$ 50,05","2,00","1,00","0,00","R$ 0,00","50,00%","0,00%"
27/07,SuperBet,  [27/07] DISP TOTAL 27/07 BASE SB D1,pilhado-disp-traf-sb-d1,"-R$ 27,56","0,00","212,00",,"R$ 27,56","0,47%","0,00%","R$ 27,56",,"1,00","0,00","0,00","R$ 0,00","0,00%",#DIV/0!
27/07,SuperBet,  [27/07] DISP TOTAL 27/07 BASE MGM D1,pilhado-disp-traf-mgm-d1,"R$ 486,48","36,98","104,00",,"R$ 13,52","0,96%","0,96%","R$ 13,52","R$ 13,52","1,00","1,00","1,00","R$ 500,00","100,00%","100,00%"
27/07,SuperBet,  [27/07] DISP TOTAL 27/07 BASE VAIDEBET D1,pilhado-disp-traf-vaidebet-d1,"-R$ 81,51","0,00","627,00",,"R$ 81,51","0,48%","0,00%","R$ 27,17",,"3,00","0,00","0,00","R$ 0,00","0,00%",#DIV/0!
27/07,MGMBET,  [27/07] DISP TOTAL 27/07 BASE SB D3,13398,"-R$ 16,51","0,00","127,00",,"R$ 16,51","3,94%","2,36%","R$ 3,30","R$ 5,50","5,00","3,00","0,00","R$ 0,00","60,00%","0,00%"
27/07,MGMBET,[27/07] DISP TOTAL 27/07 BASE MGM D3,13538,"-R$ 17,42","0,00","134,00",,"R$ 17,42","0,00%","0,00%",,,"0,00","0,00","0,00","R$ 0,00",#DIV/0!,#DIV/0!
27/07,MGMBET,[27/07] DISP TOTAL 27/07 BASE VAIDEBET D3,13547,"-R$ 46,15","0,00","355,00",,"R$ 46,15","0,56%","0,28%","R$ 23,08","R$ 46,15","2,00","1,00","0,00","R$ 0,00","50,00%","0,00%"
27/07,SuperBet,[27/07] DISP TOTAL 27/07 BASE MGM D5,pilhado-disp-traf-mgm-d5-sb,"-R$ 11,70","0,00","90,00",,"R$ 11,70","0,00%","0,00%",,,"0,00","0,00","0,00","R$ 0,00",#DIV/0!,#DIV/0!
27/07,SuperBet,[27/07] DISP TOTAL 27/07 BASE SB D5,pilhado-disp-sb-d5,"R$ 442,28","8,66","444,00",,"R$ 57,72","0,23%","0,23%","R$ 57,72","R$ 57,72","1,00","1,00","1,00","R$ 500,00","100,00%","100,00%"
28/07,MGMBET,  [28/07] DISP TOTAL 28/07 BASE SB D3,13398,"-R$ 22,23","0,00","171,00",,"R$ 22,23","1,75%","1,17%","R$ 7,41","R$ 11,12","3,00","2,00","0,00","R$ 0,00","66,67%","0,00%"
28/07,MGMBET,  [28/07] DISP TOTAL 28/07 BASE MGM D3,13538,"-R$ 14,43","0,00","111,00",,"R$ 14,43","0,00%","0,00%",,,"0,00","0,00","0,00","R$ 0,00",#DIV/0!,#DIV/0!
28/07,MGMBET,  [28/07] DISP TOTAL 28/07 BASE NOVIBET D3,13550,"-R$ 5,07","0,00","39,00",,"R$ 5,07","0,00%","0,00%",,,"0,00","0,00","0,00","R$ 0,00",#DIV/0!,#DIV/0!
28/07,MGMBET,  [28/07] DISP TOTAL 28/07 BASE VAIDEBET D3,13547,"-R$ 25,74","0,00","198,00",,"R$ 25,74","1,52%","0,51%","R$ 8,58","R$ 25,74","3,00","1,00","0,00","R$ 0,00","33,33%","0,00%"
28/07,SuperBet,  [28/07] DISP TOTAL 28/07 BASE SB D5,pilhado-disp-sb-d5,"-R$ 18,59","0,00","143,00",,"R$ 18,59","0,00%","0,00%",,,"0,00","0,00","0,00","R$ 0,00",#DIV/0!,#DIV/0!
28/07,SuperBet,  [28/07] DISP TOTAL 28/07 BASE MGM D5,pilhado-disp-traf-mgm-d5-sb,"-R$ 15,60","0,00","120,00",,"R$ 15,60","0,00%","0,00%",,,"0,00","0,00","0,00","R$ 0,00",#DIV/0!,#DIV/0!
29/07,SuperBet,[28/07] DISP TOTAL 29/07 BASE SB D1,pilhado-disp-traf-sb-d1,"-R$ 21,84","0,00","168,00",,"R$ 21,84","0,00%","0,00%",,,"0,00","0,00","0,00","R$ 0,00",#DIV/0!,#DIV/0!
29/07,SuperBet,[28/07] DISP TOTAL 29/07 BASE MGM D1,pilhado-disp-traf-mgm-d1,"-R$ 26,78","0,00","206,00",,"R$ 26,78","0,00%","0,00%",,,"0,00","0,00","0,00","R$ 0,00",#DIV/0!,#DIV/0!
29/07,MGMBET,[28/07] DISP TOTAL 29/07 BASE SB D3,13398,"R$ 235,04","10,42","192,00",,"R$ 24,96","2,60%","2,08%","R$ 4,99","R$ 6,24","5,00","4,00","1,00","R$ 260,00","80,00%","25,00%"
29/07,MGMBET,[28/07] DISP TOTAL 29/07 BASE MGM D3,13538,"-R$ 11,96","0,00","92,00",,"R$ 11,96","1,09%","1,09%","R$ 11,96","R$ 11,96","1,00","1,00","0,00","R$ 0,00","100,00%","0,00%"
29/07,MGMBET,[28/07] DISP TOTAL 29/07 BASE VAIDEBET D3,13547,"R$ 184,86","3,46","578,00",,"R$ 75,14","0,87%","0,52%","R$ 15,03","R$ 25,05","5,00","3,00","1,00","R$ 260,00","60,00%","33,33%"
29/07,SuperBet,[28/07] DISP TOTAL 29/07 BASE SB D5,pilhado-disp-sb-d5,"-R$ 15,86","0,00","122,00",,"R$ 15,86","0,00%","0,00%",,,"0,00","0,00","0,00","R$ 0,00",#DIV/0!,#DIV/0!
29/07,SuperBet,[28/07] DISP TOTAL 29/07 BASE MGM D5,pilhado-disp-traf-mgm-d5-sb,"-R$ 16,77","0,00","129,00",,"R$ 16,77","0,00%","0,00%",,,"0,00","0,00","0,00","R$ 0,00",#DIV/0!,#DIV/0!
29/07,SuperBet,[28/07] DISP TOTAL 29/07 BASE VAIDEBET D5,pilhado-disp-traf-vaidebet-d5-sb,"-R$ 45,24","0,00","348,00",,"R$ 45,24","0,00%","0,00%",,,"0,00","0,00","0,00","R$ 0,00",#DIV/0!,#DIV/0!
30/07,SuperBet,[29/07] DISP TOTAL 30/07 BASE SB D1,pilhado-disp-traf-sb-d1,"-R$ 7,41","0,00","57,00",,"R$ 7,41","0,00%","0,00%",,,"0,00","0,00","0,00","R$ 0,00",#DIV/0!,#DIV/0!
30/07,SuperBet,[29/07] DISP TOTAL 30/07 BASE MGM D1,pilhado-disp-traf-mgm-d1,"-R$ 20,41","0,00","157,00",,"R$ 20,41","0,00%","0,00%",,,"0,00","0,00","0,00","R$ 0,00",#DIV/0!,#DIV/0!
30/07,SuperBet,[29/07] DISP TOTAL 30/07 BASE SB D5,pilhado-disp-sb-d5,"-R$ 20,54","0,00","158,00",,"R$ 20,54","0,00%","0,00%",,,"0,00","0,00","0,00","R$ 0,00",#DIV/0!,#DIV/0!
30/07,SuperBet,[29/07] DISP TOTAL 30/07 BASE MGM D5,pilhado-disp-traf-mgm-d5-sb,"-R$ 12,35","0,00","95,00",,"R$ 12,35","0,00%","0,00%",,,"0,00","0,00","0,00","R$ 0,00",#DIV/0!,#DIV/0!
30/07,SuperBet,[29/07] DISP TOTAL 30/07 BASE VAIDEBET D5,pilhado-disp-traf-vaidebet-d5-sb,"-R$ 24,31","0,00","187,00",,"R$ 24,31","0,00%","0,00%",,,"0,00","0,00","0,00","R$ 0,00",#DIV/0!,#DIV/0!
30/07,SuperBet,[29/07] DISP TOTAL 30/07 BASE NOVIBET D5,pilhado-disp-traf-novi-d5-sb,"-R$ 4,68","0,00","36,00",,"R$ 4,68","0,00%","0,00%",,,"0,00","0,00","0,00","R$ 0,00",#DIV/0!,#DIV/0!
30/07,MGMBET, [29/07] DISP TOTAL 30/07 BOLAO MGM,13551,"-R$ 3.140,54","0,00","24.158,00",,"R$ 3.140,54","0,00%","0,00%",,,"0,00","0,00","0,00","R$ 0,00",#DIV/0!,#DIV/0!
15/07,Selecione,[14/07] DISP 15/07 RMKT LOW TICKET,-,"R$ 0,00","0,00","0,00",,"R$ 0,00","0,00%","0,00%",,,"0,00","0,00","0,00","R$ 0,00",,
20/07,SuperBet,[19/07] DISP TOTAL 20/07 BASE SB D5,pilhado-disp-sb-d5,"R$ 0,00","0,00","0,00",,"R$ 0,00","0,00%","0,00%",,,"0,00","0,00","0,00","R$ 0,00",,
,,,,"R$ 190.128,15","1,34","4.286.245,00",,"R$ 557.211,85","0,20%","0,08%","R$ 64,93","R$ 167,33","8.582,00","3.330,00","1.587,00","R$ 747.340,00","38,80%","47,66%"
